admcd	admnm	lon	lat
1100000000	서울특별시	126.99	37.55
1111000000	서울특별시 종로구	126.968	37.599
1111051000	서울특별시 종로구 청운동	126.968	37.585
1111051500	서울특별시 종로구 청운효자동	126.968	37.585
1111052000	서울특별시 종로구 효자동	126.968	37.585
1111053000	서울특별시 종로구 사직동	126.97	37.574
1111054000	서울특별시 종로구 삼청동	126.982	37.586
1111055000	서울특별시 종로구 부암동	126.966	37.595
1111056000	서울특별시 종로구 평창동	126.969	37.614
1111057000	서울특별시 종로구 무악동	126.959	37.577
1111058000	서울특별시 종로구 교남동	126.964	37.571
1111060000	서울특별시 종로구 가회동	126.986	37.584
1111061500	서울특별시 종로구 종로1.2.3.4가동	126.993	37.578
1111063000	서울특별시 종로구 종로5.6가동	127.004	37.573
1111064000	서울특별시 종로구 이화동	127.003	37.58
1111065000	서울특별시 종로구 혜화동	127.0	37.587
1111066000	서울특별시 종로구 명륜3가동	126.999	37.585
1111067000	서울특별시 종로구 창신제1동	127.014	37.573
1111068000	서울특별시 종로구 창신제2동	127.01	37.576
1111069000	서울특별시 종로구 창신제3동	127.013	37.579
1111070000	서울특별시 종로구 숭인제1동	127.017	37.578
1111071000	서울특별시 종로구 숭인제2동	127.021	37.575
1114000000	서울특별시 중구	126.993	37.558
1114052000	서울특별시 중구 소공동	126.975	37.564
1114054000	서울특별시 중구 회현동	126.976	37.557
1114055000	서울특별시 중구 명동	126.986	37.562
1114057000	서울특별시 중구 필동	126.994	37.557
1114058000	서울특별시 중구 장충동	127.004	37.556
1114059000	서울특별시 중구 광희동	127.007	37.566
1114060000	서울특별시 중구 을지로3.4.5가동	126.998	37.566
1114060500	서울특별시 중구 을지로동	126.998	37.566
1114061000	서울특별시 중구 신당제1동	127.014	37.565
1114061500	서울특별시 중구 신당동	127.013	37.565
1114062000	서울특별시 중구 신당제2동	127.008	37.555
1114062500	서울특별시 중구 다산동	127.008	37.555
1114063000	서울특별시 중구 신당제3동	127.01	37.55
1114063500	서울특별시 중구 약수동	127.01	37.55
1114064000	서울특별시 중구 신당제4동	127.015	37.557
1114064500	서울특별시 중구 청구동	127.015	37.557
1114065000	서울특별시 중구 신당제5동	127.023	37.563
1114066000	서울특별시 중구 신당제6동	127.018	37.561
1114066500	서울특별시 중구 동화동	127.018	37.561
1114067000	서울특별시 중구 황학동	127.021	37.569
1114068000	서울특별시 중구 중림동	126.966	37.557
1117000000	서울특별시 용산구	126.982	37.534
1117051000	서울특별시 용산구 후암동	126.982	37.55
1117052000	서울특별시 용산구 용산2가동	126.981	37.541
1117053000	서울특별시 용산구 남영동	126.972	37.545
1117054000	서울특별시 용산구 청파제1동	126.967	37.548
1117055000	서울특별시 용산구 청파제2동	126.967	37.548
1117055500	서울특별시 용산구 청파동	126.967	37.548
1117056000	서울특별시 용산구 원효로제1동	126.967	37.538
1117057000	서울특별시 용산구 원효로제2동	126.951	37.533
1117058000	서울특별시 용산구 효창동	126.96	37.544
1117059000	서울특별시 용산구 용문동	126.958	37.538
1117060000	서울특별시 용산구 한강로제1동	126.967	37.538
1117061000	서울특별시 용산구 한강로제2동	126.967	37.531
1117062000	서울특별시 용산구 한강로제3동	126.967	37.531
1117062500	서울특별시 용산구 한강로동	126.967	37.531
1117063000	서울특별시 용산구 이촌제1동	126.971	37.517
1117064000	서울특별시 용산구 이촌제2동	126.954	37.523
1117065000	서울특별시 용산구 이태원제1동	126.993	37.534
1117066000	서울특별시 용산구 이태원제2동	126.993	37.542
1117067000	서울특별시 용산구 한남제1동	127.006	37.537
1117068000	서울특별시 용산구 한남제2동	127.006	37.537
1117068500	서울특별시 용산구 한남동	127.006	37.537
1117069000	서울특별시 용산구 서빙고동	126.988	37.523
1117070000	서울특별시 용산구 보광동	127.002	37.525
1120000000	서울특별시 성동구	127.042	37.551
1120051000	서울특별시 성동구 왕십리제1동	127.029	37.566
1120052000	서울특별시 성동구 왕십리제2동	127.028	37.561
1120053000	서울특별시 성동구 도선동	127.033	37.565
1120053500	서울특별시 성동구 왕십리도선동	127.029	37.566
1120054000	서울특별시 성동구 마장동	127.04	37.568
1120055000	서울특별시 성동구 사근동	127.045	37.559
1120056000	서울특별시 성동구 행당제1동	127.035	37.56
1120057000	서울특별시 성동구 행당제2동	127.029	37.557
1120058000	서울특별시 성동구 응봉동	127.034	37.551
1120059000	서울특별시 성동구 금호1가동	127.027	37.553
1120060000	서울특별시 성동구 금호2가동	127.02	37.553
1120061000	서울특별시 성동구 금호3가동	127.02	37.553
1120061500	서울특별시 성동구 금호2.3가동	127.02	37.553
1120062000	서울특별시 성동구 금호4가동	127.026	37.544
1120063000	서울특별시 성동구 옥수제1동	127.015	37.543
1120064000	서울특별시 성동구 옥수제2동	127.015	37.543
1120064500	서울특별시 성동구 옥수동	127.015	37.543
1120065000	서울특별시 성동구 성수1가제1동	127.04	37.54
1120066000	서울특별시 성동구 성수1가제2동	127.043	37.549
1120067000	서울특별시 성동구 성수2가제1동	127.056	37.536
1120069000	서울특별시 성동구 성수2가제3동	127.058	37.546
1120072000	서울특별시 성동구 송정동	127.068	37.554
1120079000	서울특별시 성동구 용답동	127.057	37.561
1121500000	서울특별시 광진구	127.09	37.549
1121571000	서울특별시 광진구 화양동	127.073	37.543
1121573000	서울특별시 광진구 군자동	127.074	37.553
1121574000	서울특별시 광진구 중곡제1동	127.078	37.562
1121575000	서울특별시 광진구 중곡제2동	127.084	37.559
1121576000	서울특별시 광진구 중곡제3동	127.081	37.568
1121577000	서울특별시 광진구 중곡제4동	127.094	37.563
1121578000	서울특별시 광진구 능동	127.083	37.551
1121581000	서울특별시 광진구 광장동	127.105	37.547
1121582000	서울특별시 광진구 자양제1동	127.08	37.536
1121583000	서울특별시 광진구 자양제2동	127.083	37.531
1121584000	서울특별시 광진구 자양제3동	127.071	37.532
1121584500	서울특별시 광진구 노유제1동	127.066	37.539
1121584600	서울특별시 광진구 노유제2동	127.064	37.534
1121584700	서울특별시 광진구 자양제4동	127.064	37.534
1121585000	서울특별시 광진구 구의제1동	127.087	37.541
1121586000	서울특별시 광진구 구의제2동	127.094	37.552
1121587000	서울특별시 광진구 구의제3동	127.096	37.536
1123000000	서울특별시 동대문구	127.053	37.584
1123051000	서울특별시 동대문구 신설동	127.034	37.576
1123052000	서울특별시 동대문구 용두제1동	127.034	37.576
1123053000	서울특별시 동대문구 용두제2동	127.034	37.576
1123053500	서울특별시 동대문구 용두동	127.034	37.576
1123053600	서울특별시 동대문구 용신동	127.034	37.576
1123054000	서울특별시 동대문구 제기제1동	127.037	37.585
1123054500	서울특별시 동대문구 제기동	127.037	37.585
1123055000	서울특별시 동대문구 제기제2동	127.037	37.585
1123056000	서울특별시 동대문구 전농제1동	127.05	37.58
1123057000	서울특별시 동대문구 전농제2동	127.062	37.581
1123058000	서울특별시 동대문구 전농제3동	127.062	37.581
1123059000	서울특별시 동대문구 전농제4동	127.062	37.581
1123060000	서울특별시 동대문구 답십리제1동	127.052	37.57
1123061000	서울특별시 동대문구 답십리제2동	127.061	37.57
1123062000	서울특별시 동대문구 답십리제3동	127.052	37.57
1123063000	서울특별시 동대문구 답십리제4동	127.061	37.57
1123064000	서울특별시 동대문구 답십리제5동	127.052	37.57
1123065000	서울특별시 동대문구 장안제1동	127.069	37.566
1123066000	서울특별시 동대문구 장안제2동	127.073	37.575
1123067000	서울특별시 동대문구 장안제3동	127.072	37.566
1123068000	서울특별시 동대문구 장안제4동	127.073	37.575
1123069000	서울특별시 동대문구 청량리제1동	127.046	37.588
1123070000	서울특별시 동대문구 청량리제2동	127.046	37.588
1123070500	서울특별시 동대문구 청량리동	127.046	37.588
1123071000	서울특별시 동대문구 회기동	127.051	37.594
1123072000	서울특별시 동대문구 휘경제1동	127.062	37.591
1123073000	서울특별시 동대문구 휘경제2동	127.064	37.587
1123074000	서울특별시 동대문구 이문제1동	127.062	37.597
1123075000	서울특별시 동대문구 이문제2동	127.067	37.603
1123076000	서울특별시 동대문구 이문제3동	127.067	37.603
1126000000	서울특별시 중랑구	127.094	37.595
1126051000	서울특별시 중랑구 면목제1동	127.089	37.589
1126052000	서울특별시 중랑구 면목제2동	127.078	37.589
1126053000	서울특별시 중랑구 면목제3동	127.093	37.582
1126054000	서울특별시 중랑구 면목제4동	127.086	37.573
1126055000	서울특별시 중랑구 면목제5동	127.08	37.582
1126056000	서울특별시 중랑구 면목제6동	127.089	37.589
1126056500	서울특별시 중랑구 면목본동	127.089	37.589
1126057000	서울특별시 중랑구 면목제7동	127.095	37.576
1126057100	서울특별시 중랑구 면목제8동	127.101	37.585
1126057500	서울특별시 중랑구 면목제3.8동	127.101	37.585
1126058000	서울특별시 중랑구 상봉제1동	127.09	37.602
1126059000	서울특별시 중랑구 상봉제2동	127.086	37.595
1126060000	서울특별시 중랑구 중화제1동	127.083	37.603
1126061000	서울특별시 중랑구 중화제2동	127.075	37.599
1126061100	서울특별시 중랑구 중화제3동	127.075	37.599
1126062000	서울특별시 중랑구 묵제1동	127.081	37.613
1126063000	서울특별시 중랑구 묵제2동	127.075	37.611
1126064000	서울특별시 중랑구 망우제1동	127.109	37.603
1126065000	서울특별시 중랑구 망우제2동	127.109	37.603
1126065500	서울특별시 중랑구 망우본동	127.109	37.603
1126066000	서울특별시 중랑구 망우제3동	127.103	37.592
1126068000	서울특별시 중랑구 신내1동	127.099	37.61
1126069000	서울특별시 중랑구 신내2동	127.092	37.609
1129000000	서울특별시 성북구	127.027	37.607
1129051000	서울특별시 성북구 성북제1동	126.995	37.595
1129052000	서울특별시 성북구 성북제2동	126.995	37.595
1129052500	서울특별시 성북구 성북동	126.995	37.595
1129053000	서울특별시 성북구 동소문동	127.011	37.586
1129054000	서울특별시 성북구 삼선제1동	127.011	37.586
1129055000	서울특별시 성북구 삼선제2동	127.014	37.587
1129055500	서울특별시 성북구 삼선동	127.011	37.586
1129056000	서울특별시 성북구 동선제1동	127.018	37.594
1129057000	서울특별시 성북구 동선제2동	127.018	37.594
1129057500	서울특별시 성북구 동선동	127.018	37.594
1129058000	서울특별시 성북구 돈암제1동	127.023	37.599
1129059000	서울특별시 성북구 돈암제2동	127.009	37.597
1129060000	서울특별시 성북구 안암동	127.027	37.587
1129061000	서울특별시 성북구 보문동	127.018	37.583
1129062000	서울특별시 성북구 정릉제1동	127.016	37.606
1129063000	서울특별시 성북구 정릉제2동	127.008	37.604
1129064000	서울특별시 성북구 정릉제3동	127.001	37.615
1129065000	서울특별시 성북구 정릉제4동	126.998	37.622
1129066000	서울특별시 성북구 길음제1동	127.02	37.608
1129067000	서울특별시 성북구 길음제2동	127.027	37.608
1129068000	서울특별시 성북구 길음제3동	127.027	37.608
1129068500	서울특별시 성북구 길음제2동	127.027	37.608
1129069000	서울특별시 성북구 종암제1동	127.033	37.598
1129070000	서울특별시 성북구 종암제2동	127.033	37.598
1129070500	서울특별시 성북구 종암동	127.033	37.598
1129071500	서울특별시 성북구 월곡제1동	127.036	37.608
1129072500	서울특별시 성북구 월곡제2동	127.045	37.603
1129073500	서울특별시 성북구 월곡제3동	127.036	37.608
1129074500	서울특별시 성북구 월곡제4동	127.036	37.608
1129075000	서울특별시 성북구 상월곡동	127.045	37.603
1129076000	서울특별시 성북구 장위제1동	127.044	37.616
1129077000	서울특별시 성북구 장위제2동	127.053	37.613
1129078000	서울특별시 성북구 장위제3동	127.054	37.618
1129079000	서울특별시 성북구 석관제1동	127.06	37.608
1129080000	서울특별시 성북구 석관제2동	127.06	37.608
1129081000	서울특별시 성북구 석관동	127.06	37.608
1130500000	서울특별시 강북구	127.005	37.647
1130553100	서울특별시 강북구 미아제1동	127.012	37.624
1130553200	서울특별시 강북구 미아제2동	127.012	37.624
1130553300	서울특별시 강북구 미아제3동	127.026	37.629
1130553400	서울특별시 강북구 삼양동	127.012	37.624
1130553500	서울특별시 강북구 미아동	127.026	37.629
1130554000	서울특별시 강북구 미아제4동	127.034	37.617
1130554500	서울특별시 강북구 송중동	127.034	37.617
1130555000	서울특별시 강북구 미아제5동	127.025	37.618
1130555500	서울특별시 강북구 송천동	127.025	37.618
1130556500	서울특별시 강북구 미아제6.7동	127.017	37.616
1130557500	서울특별시 강북구 삼각산동	127.017	37.616
1130558000	서울특별시 강북구 미아제8동	127.024	37.621
1130558100	서울특별시 강북구 미아제9동	127.034	37.617
1130559000	서울특별시 강북구 번제1동	127.03	37.638
1130559500	서울특별시 강북구 번제1동	127.03	37.638
1130560000	서울특별시 강북구 번제2동	127.035	37.628
1130560300	서울특별시 강북구 번제2동	127.035	37.628
1130560600	서울특별시 강북구 번제3동	127.043	37.623
1130560800	서울특별시 강북구 번제3동	127.043	37.623
1130561000	서울특별시 강북구 수유제1동	127.007	37.63
1130561500	서울특별시 강북구 수유제1동	127.007	37.63
1130562000	서울특별시 강북구 수유제2동	127.02	37.645
1130562500	서울특별시 강북구 수유제2동	127.02	37.645
1130563000	서울특별시 강북구 수유제3동	127.024	37.641
1130563500	서울특별시 강북구 수유제3동	127.024	37.641
1130564000	서울특별시 강북구 수유제4동	127.002	37.662
1130564500	서울특별시 강북구 우이동	127.001	37.662
1130565000	서울특별시 강북구 수유제5동	127.001	37.639
1130565100	서울특별시 강북구 수유제6동	127.005	37.64
1130566000	서울특별시 강북구 인수동	127.001	37.639
1132000000	서울특별시 도봉구	127.033	37.666
1132051100	서울특별시 도봉구 창제1동	127.046	37.645
1132051200	서울특별시 도봉구 창제2동	127.037	37.642
1132051300	서울특별시 도봉구 창제3동	127.041	37.638
1132051400	서울특별시 도봉구 창제4동	127.051	37.651
1132051500	서울특별시 도봉구 창제5동	127.043	37.657
1132052100	서울특별시 도봉구 도봉제1동	127.027	37.685
1132052200	서울특별시 도봉구 도봉제2동	127.048	37.682
1132066000	서울특별시 도봉구 쌍문제1동	127.017	37.654
1132067000	서울특별시 도봉구 쌍문제2동	127.037	37.656
1132068000	서울특별시 도봉구 쌍문제3동	127.03	37.647
1132068100	서울특별시 도봉구 쌍문제4동	127.03	37.655
1132069000	서울특별시 도봉구 방학제1동	127.044	37.665
1132070000	서울특별시 도봉구 방학제2동	127.033	37.669
1132071000	서울특별시 도봉구 방학제3동	127.023	37.663
1132072000	서울특별시 도봉구 방학제4동	127.023	37.663
1135000000	서울특별시 노원구	127.071	37.655
1135056000	서울특별시 노원구 월계1동	127.057	37.622
1135057000	서울특별시 노원구 월계2동	127.052	37.635
1135058000	서울특별시 노원구 월계3동	127.064	37.626
1135058100	서울특별시 노원구 월계4동	127.057	37.622
1135059000	서울특별시 노원구 공릉제1동	127.074	37.623
1135059500	서울특별시 노원구 공릉1동	127.074	37.623
1135060000	서울특별시 노원구 공릉2동	127.093	37.631
1135060100	서울특별시 노원구 공릉제3동	127.074	37.623
1135060500	서울특별시 노원구 공릉1.3동	127.074	37.623
1135061100	서울특별시 노원구 하계1동	127.074	37.639
1135061200	서울특별시 노원구 하계2동	127.065	37.635
1135061900	서울특별시 노원구 중계본동	127.085	37.648
1135062100	서울특별시 노원구 중계1동	127.073	37.65
1135062200	서울특별시 노원구 중계2동	127.066	37.644
1135062300	서울특별시 노원구 중계3동	127.066	37.644
1135062400	서울특별시 노원구 중계4동	127.082	37.659
1135062500	서울특별시 노원구 중계2.3동	127.066	37.644
1135063000	서울특별시 노원구 상계1동	127.064	37.683
1135064000	서울특별시 노원구 상계2동	127.067	37.656
1135065000	서울특별시 노원구 상계제3동	127.083	37.676
1135066000	서울특별시 노원구 상계제4동	127.083	37.676
1135066500	서울특별시 노원구 상계3.4동	127.083	37.676
1135067000	서울특별시 노원구 상계5동	127.07	37.663
1135068000	서울특별시 노원구 상계제6동	127.06	37.647
1135069000	서울특별시 노원구 상계제7동	127.06	37.647
1135069500	서울특별시 노원구 상계6.7동	127.06	37.647
1135070000	서울특별시 노원구 상계8동	127.054	37.666
1135071000	서울특별시 노원구 상계9동	127.062	37.668
1135072000	서울특별시 노원구 상계10동	127.059	37.66
1138000000	서울특별시 은평구	126.926	37.617
1138051000	서울특별시 은평구 녹번동	126.932	37.604
1138052000	서울특별시 은평구 불광제1동	126.936	37.618
1138053000	서울특별시 은평구 불광제2동	126.93	37.624
1138054000	서울특별시 은평구 불광제3동	126.93	37.624
1138055100	서울특별시 은평구 갈현제1동	126.914	37.625
1138055200	서울특별시 은평구 갈현제2동	126.913	37.618
1138056000	서울특별시 은평구 구산동	126.908	37.612
1138057000	서울특별시 은평구 대조동	126.923	37.613
1138058000	서울특별시 은평구 응암제1동	126.929	37.597
1138059000	서울특별시 은평구 응암제2동	126.923	37.592
1138060000	서울특별시 은평구 응암제3동	126.916	37.59
1138061000	서울특별시 은평구 역촌제1동	126.915	37.605
1138062000	서울특별시 은평구 역촌제2동	126.915	37.605
1138062500	서울특별시 은평구 역촌동	126.915	37.605
1138063100	서울특별시 은평구 신사제1동	126.911	37.598
1138063200	서울특별시 은평구 신사제2동	126.906	37.594
1138064000	서울특별시 은평구 증산동	126.906	37.583
1138065000	서울특별시 은평구 수색동	126.895	37.586
1138066000	서울특별시 은평구 진관내동	126.939	37.642
1138067000	서울특별시 은평구 진관외동	126.939	37.642
1138068000	서울특별시 은평구 응암제4동	126.917	37.59
1138069000	서울특별시 은평구 진관동	126.939	37.642
1141000000	서울특별시 서대문구	126.934	37.582
1141051000	서울특별시 서대문구 충정로동	126.958	37.565
1141052000	서울특별시 서대문구 천연동	126.956	37.572
1141054000	서울특별시 서대문구 북아현제1동	126.955	37.559
1141055000	서울특별시 서대문구 북아현제2동	126.955	37.559
1141055500	서울특별시 서대문구 북아현동	126.955	37.559
1141056000	서울특별시 서대문구 북아현제3동	126.958	37.565
1141056500	서울특별시 서대문구 충현동	126.958	37.565
1141057000	서울특별시 서대문구 대신동	126.943	37.566
1141058000	서울특별시 서대문구 창천동	126.943	37.566
1141058500	서울특별시 서대문구 신촌동	126.943	37.566
1141059000	서울특별시 서대문구 연희제1동	126.933	37.573
1141060000	서울특별시 서대문구 연희제2동	126.932	37.574
1141061000	서울특별시 서대문구 연희제3동	126.933	37.573
1141061500	서울특별시 서대문구 연희동	126.933	37.573
1141062000	서울특별시 서대문구 홍제제1동	126.948	37.58
1141063000	서울특별시 서대문구 홍제제2동	126.953	37.584
1141064000	서울특별시 서대문구 홍제제3동	126.951	37.592
1141065000	서울특별시 서대문구 홍제제4동	126.953	37.584
1141065500	서울특별시 서대문구 홍제제2동	126.953	37.584
1141066000	서울특별시 서대문구 홍은제1동	126.947	37.6
1141067000	서울특별시 서대문구 홍은제2동	126.93	37.587
1141068000	서울특별시 서대문구 홍은제3동	126.93	37.587
1141068500	서울특별시 서대문구 홍은제2동	126.93	37.587
1141069000	서울특별시 서대문구 남가좌제1동	126.916	37.572
1141070000	서울특별시 서대문구 남가좌제2동	126.921	37.578
1141071000	서울특별시 서대문구 북가좌제1동	126.907	37.576
1141072000	서울특별시 서대문구 북가좌제2동	126.914	37.581
1144000000	서울특별시 마포구	126.901	37.56
1144051000	서울특별시 마포구 아현제1동	126.959	37.55
1144052000	서울특별시 마포구 아현제2동	126.953	37.55
1144053000	서울특별시 마포구 아현제3동	126.953	37.55
1144054000	서울특별시 마포구 공덕제1동	126.959	37.55
1144055000	서울특별시 마포구 공덕제2동	126.953	37.55
1144055500	서울특별시 마포구 아현동	126.952	37.55
1144056000	서울특별시 마포구 신공덕동	126.959	37.55
1144056500	서울특별시 마포구 공덕동	126.959	37.55
1144057000	서울특별시 마포구 도화제1동	126.952	37.541
1144058000	서울특별시 마포구 도화제2동	126.946	37.536
1144058500	서울특별시 마포구 도화동	126.946	37.536
1144059000	서울특별시 마포구 용강동	126.942	37.541
1144060000	서울특별시 마포구 대흥동	126.942	37.551
1144061000	서울특별시 마포구 염리동	126.948	37.55
1144062000	서울특별시 마포구 노고산동	126.941	37.551
1144063000	서울특별시 마포구 신수동	126.935	37.545
1144064000	서울특별시 마포구 창전동	126.926	37.546
1144065000	서울특별시 마포구 상수동	126.926	37.546
1144065500	서울특별시 마포구 서강동	126.926	37.546
1144066000	서울특별시 마포구 서교동	126.924	37.555
1144067000	서울특별시 마포구 동교동	126.924	37.555
1144068000	서울특별시 마포구 합정동	126.909	37.547
1144069000	서울특별시 마포구 망원제1동	126.899	37.552
1144070000	서울특별시 마포구 망원제2동	126.895	37.557
1144071000	서울특별시 마포구 연남동	126.923	37.562
1144072000	서울특별시 마포구 성산제1동	126.911	37.562
1144073000	서울특별시 마포구 성산제2동	126.905	37.568
1144074000	서울특별시 마포구 상암동	126.875	37.573
1147000000	서울특별시 양천구	126.854	37.525
1147051000	서울특별시 양천구 목1동	126.874	37.527
1147052000	서울특별시 양천구 목2동	126.874	37.543
1147053000	서울특별시 양천구 목3동	126.865	37.545
1147054000	서울특별시 양천구 목4동	126.867	37.535
1147055000	서울특별시 양천구 목5동	126.881	37.537
1147055100	서울특별시 양천구 목제6동	126.877	37.537
1147056000	서울특별시 양천구 신월1동	126.835	37.531
1147057000	서울특별시 양천구 신월2동	126.845	37.522
1147058000	서울특별시 양천구 신월3동	126.827	37.533
1147059000	서울특별시 양천구 신월4동	126.84	37.522
1147060000	서울특별시 양천구 신월5동	126.83	37.541
1147061000	서울특별시 양천구 신월6동	126.843	37.517
1147061100	서울특별시 양천구 신월7동	126.832	37.52
1147062000	서울특별시 양천구 신정1동	126.86	37.518
1147063000	서울특별시 양천구 신정2동	126.875	37.519
1147064000	서울특별시 양천구 신정3동	126.841	37.511
1147065000	서울특별시 양천구 신정4동	126.857	37.525
1147066000	서울특별시 양천구 신정제5동	126.857	37.525
1147067000	서울특별시 양천구 신정6동	126.867	37.516
1147068000	서울특별시 양천구 신정7동	126.864	37.511
1150000000	서울특별시 강서구	126.821	37.566
1150051000	서울특별시 강서구 염창동	126.876	37.554
1150052000	서울특별시 강서구 등촌제1동	126.858	37.556
1150053000	서울특별시 강서구 등촌제2동	126.859	37.545
1150053500	서울특별시 강서구 등촌제3동	126.846	37.562
1150054000	서울특별시 강서구 화곡제1동	126.841	37.534
1150055000	서울특별시 강서구 화곡제2동	126.855	37.533
1150056000	서울특별시 강서구 화곡제3동	126.834	37.544
1150057000	서울특별시 강서구 화곡제4동	126.858	37.536
1150058000	서울특별시 강서구 화곡제5동	126.841	37.55
1150059000	서울특별시 강서구 화곡본동	126.849	37.543
1150059100	서울특별시 강서구 화곡제6동	126.851	37.552
1150059200	서울특별시 강서구 화곡제7동	126.839	37.537
1150059300	서울특별시 강서구 화곡제8동	126.848	37.534
1150060300	서울특별시 강서구 가양제1동	126.836	37.573
1150060400	서울특별시 강서구 가양제2동	126.855	37.568
1150060500	서울특별시 강서구 가양제3동	126.862	37.563
1150061100	서울특별시 강서구 발산제1동	126.826	37.55
1150061200	서울특별시 강서구 발산제2동	126.841	37.55
1150061500	서울특별시 강서구 우장산동	126.841	37.55
1150062000	서울특별시 강서구 공항동	126.795	37.557
1150063000	서울특별시 강서구 방화제1동	126.818	37.569
1150064000	서울특별시 강서구 방화제2동	126.802	37.583
1150064100	서울특별시 강서구 방화제3동	126.818	37.583
1153000000	서울특별시 구로구	126.854	37.496
1153051000	서울특별시 구로구 신도림동	126.883	37.51
1153052000	서울특별시 구로구 구로제1동	126.875	37.493
1153053000	서울특별시 구로구 구로제2동	126.884	37.497
1153054000	서울특별시 구로구 구로제3동	126.894	37.485
1153054500	서울특별시 구로구 구로제3동분소	126.894	37.485
1153055000	서울특별시 구로구 구로제4동	126.891	37.491
1153056000	서울특별시 구로구 구로제5동	126.887	37.502
1153056500	서울특별시 구로구 구로본동	126.884	37.497
1153057000	서울특별시 구로구 구로제6동	126.891	37.491
1153058000	서울특별시 구로구 가리봉제1동	126.889	37.482
1153059000	서울특별시 구로구 가리봉제2동	126.885	37.485
1153059500	서울특별시 구로구 가리봉동	126.888	37.483
1153072000	서울특별시 구로구 고척제1동	126.862	37.5
1153073000	서울특별시 구로구 고척제2동	126.854	37.505
1153074000	서울특별시 구로구 개봉제1동	126.845	37.501
1153075000	서울특별시 구로구 개봉제2동	126.857	37.492
1153076000	서울특별시 구로구 개봉제3동	126.852	37.486
1153076500	서울특별시 구로구 개봉본동	126.845	37.501
1153077000	서울특별시 구로구 오류제1동	126.843	37.497
1153078000	서울특별시 구로구 오류제2동	126.834	37.485
1153079000	서울특별시 구로구 수궁동	126.827	37.499
1153080000	서울특별시 구로구 항동	126.826	37.481
1154500000	서울특별시 금천구	126.9	37.459
1154551000	서울특별시 금천구 가산동	126.887	37.476
1154551500	서울특별시 금천구 가산동민원분소	126.887	37.476
1154561000	서울특별시 금천구 독산제1동	126.894	37.465
1154561500	서울특별시 금천구 독산제1동분소	126.894	37.465
1154562000	서울특별시 금천구 독산제2동	126.901	37.463
1154563000	서울특별시 금천구 독산제3동	126.905	37.476
1154564000	서울특별시 금천구 독산제4동	126.904	37.469
1154565000	서울특별시 금천구 독산본동	126.905	37.476
1154566000	서울특별시 금천구 시흥본동	126.901	37.453
1154567000	서울특별시 금천구 시흥제1동	126.901	37.453
1154568000	서울특별시 금천구 시흥제2동	126.921	37.451
1154569000	서울특별시 금천구 시흥제3동	126.907	37.441
1154570000	서울특별시 금천구 시흥제4동	126.91	37.459
1154571000	서울특별시 금천구 시흥제5동	126.909	37.449
1156000000	서울특별시 영등포구	126.91	37.517
1156051000	서울특별시 영등포구 영등포제1동	126.91	37.514
1156051500	서울특별시 영등포구 영등포본동	126.91	37.514
1156052000	서울특별시 영등포구 영등포제2동	126.908	37.524
1156053000	서울특별시 영등포구 영등포제3동	126.908	37.524
1156053500	서울특별시 영등포구 영등포동	126.908	37.524
1156054000	서울특별시 영등포구 여의동	126.928	37.529
1156055000	서울특별시 영등포구 당산제1동	126.897	37.524
1156056000	서울특별시 영등포구 당산제2동	126.904	37.533
1156057000	서울특별시 영등포구 도림제1동	126.9	37.509
1156058000	서울특별시 영등포구 도림제2동	126.898	37.509
1156058500	서울특별시 영등포구 도림동	126.9	37.509
1156059000	서울특별시 영등포구 문래제1동	126.892	37.516
1156060000	서울특별시 영등포구 문래제2동	126.892	37.516
1156060500	서울특별시 영등포구 문래동	126.892	37.516
1156061000	서울특별시 영등포구 양평제1동	126.887	37.526
1156062000	서울특별시 영등포구 양평제2동	126.896	37.539
1156063000	서울특별시 영등포구 신길제1동	126.92	37.513
1156064000	서울특별시 영등포구 신길제2동	126.91	37.514
1156065000	서울특별시 영등포구 신길제3동	126.906	37.507
1156066000	서울특별시 영등포구 신길제4동	126.913	37.508
1156067000	서울특별시 영등포구 신길제5동	126.906	37.501
1156068000	서울특별시 영등포구 신길제6동	126.914	37.498
1156069000	서울특별시 영등포구 신길제7동	126.922	37.508
1156070000	서울특별시 영등포구 대림제1동	126.905	37.493
1156071000	서울특별시 영등포구 대림제2동	126.9	37.49
1156072000	서울특별시 영등포구 대림제3동	126.897	37.5
1159000000	서울특별시 동작구	126.952	37.498
1159051000	서울특별시 동작구 노량진제1동	126.951	37.513
1159052000	서울특별시 동작구 노량진제2동	126.937	37.511
1159053000	서울특별시 동작구 상도제1동	126.952	37.5
1159054000	서울특별시 동작구 상도제2동	126.941	37.503
1159055000	서울특별시 동작구 상도제3동	126.932	37.498
1159056000	서울특별시 동작구 상도제4동	126.941	37.498
1159056100	서울특별시 동작구 상도제5동	126.952	37.5
1159057000	서울특별시 동작구 본동	126.951	37.513
1159058000	서울특별시 동작구 흑석제1동	126.963	37.505
1159059000	서울특별시 동작구 흑석제2동	126.963	37.505
1159060000	서울특별시 동작구 흑석제3동	126.964	37.504
1159060500	서울특별시 동작구 흑석동	126.963	37.505
1159061000	서울특별시 동작구 동작동	126.974	37.498
1159062000	서울특별시 동작구 사당제1동	126.978	37.48
1159063000	서울특별시 동작구 사당제2동	126.974	37.498
1159064000	서울특별시 동작구 사당제3동	126.97	37.489
1159065000	서울특별시 동작구 사당제4동	126.971	37.481
1159065100	서울특별시 동작구 사당제5동	126.965	37.487
1159066000	서울특별시 동작구 대방동	126.929	37.507
1159067000	서울특별시 동작구 신대방제1동	126.912	37.491
1159068000	서울특별시 동작구 신대방제2동	126.921	37.494
1162000000	서울특별시 관악구	126.951	37.465
1162051000	서울특별시 관악구 봉천본동	126.943	37.487
1162052000	서울특별시 관악구 봉천제1동	126.932	37.491
1162052500	서울특별시 관악구 보라매동	126.932	37.491
1162053000	서울특별시 관악구 봉천제2동	126.952	37.49
1162054000	서울특별시 관악구 봉천제3동	126.96	37.489
1162054500	서울특별시 관악구 청림동	126.959	37.49
1162055000	서울특별시 관악구 봉천제4동	126.946	37.478
1162056000	서울특별시 관악구 봉천제5동	126.952	37.49
1162056500	서울특별시 관악구 성현동	126.952	37.49
1162057000	서울특별시 관악구 봉천제6동	126.959	37.481
1162057500	서울특별시 관악구 행운동	126.959	37.481
1162058000	서울특별시 관악구 봉천제7동	126.959	37.468
1162058500	서울특별시 관악구 낙성대동	126.959	37.468
1162059000	서울특별시 관악구 봉천제8동	126.946	37.478
1162059500	서울특별시 관악구 청룡동	126.946	37.478
1162060000	서울특별시 관악구 봉천제9동	126.943	37.487
1162060500	서울특별시 관악구 은천동	126.943	37.487
1162061000	서울특별시 관악구 봉천제10동	126.951	37.484
1162061500	서울특별시 관악구 중앙동	126.951	37.484
1162062000	서울특별시 관악구 봉천제11동	126.967	37.472
1162062500	서울특별시 관악구 인헌동	126.967	37.472
1162063000	서울특별시 관악구 남현동	126.979	37.462
1162064000	서울특별시 관악구 신림본동	126.934	37.48
1162064500	서울특별시 관악구 서원동	126.934	37.48
1162065000	서울특별시 관악구 신림제1동	126.927	37.479
1162065500	서울특별시 관악구 신원동	126.927	37.479
1162066000	서울특별시 관악구 신림제2동	126.94	37.474
1162066500	서울특별시 관악구 서림동	126.94	37.474
1162067000	서울특별시 관악구 신림제3동	126.92	37.47
1162068000	서울특별시 관악구 신림제4동	126.919	37.486
1162068500	서울특별시 관악구 신사동	126.919	37.486
1162069000	서울특별시 관악구 신림제5동	126.928	37.487
1162069500	서울특별시 관악구 신림동	126.928	37.487
1162070000	서울특별시 관악구 신림제6동	126.93	37.461
1162071000	서울특별시 관악구 신림제7동	126.919	37.462
1162071500	서울특별시 관악구 난향동	126.919	37.462
1162072000	서울특별시 관악구 신림제8동	126.908	37.483
1162072500	서울특별시 관악구 조원동	126.908	37.483
1162073000	서울특별시 관악구 신림제9동	126.951	37.454
1162073500	서울특별시 관악구 대학동	126.951	37.454
1162074000	서울특별시 관악구 신림제10동	126.93	37.461
1162074500	서울특별시 관악구 삼성동	126.93	37.461
1162075000	서울특별시 관악구 신림제11동	126.915	37.474
1162076000	서울특별시 관악구 신림제12동	126.915	37.474
1162076500	서울특별시 관악구 미성동	126.915	37.474
1162077000	서울특별시 관악구 신림제13동	126.92	37.47
1162077500	서울특별시 관악구 난곡동	126.92	37.47
1165000000	서울특별시 서초구	127.013	37.479
1165051000	서울특별시 서초구 서초1동	127.02	37.486
1165052000	서울특별시 서초구 서초2동	127.028	37.489
1165053000	서울특별시 서초구 서초3동	127.008	37.486
1165053100	서울특별시 서초구 서초4동	127.02	37.499
1165054000	서울특별시 서초구 잠원동	127.013	37.518
1165055000	서울특별시 서초구 반포본동	126.986	37.506
1165056000	서울특별시 서초구 반포1동	127.017	37.505
1165057000	서울특별시 서초구 반포2동	126.996	37.507
1165058000	서울특별시 서초구 반포3동	127.002	37.513
1165058100	서울특별시 서초구 반포4동	127.005	37.5
1165059000	서울특별시 서초구 방배본동	126.989	37.495
1165060000	서울특별시 서초구 방배1동	126.996	37.485
1165061000	서울특별시 서초구 방배2동	126.985	37.472
1165062000	서울특별시 서초구 방배3동	126.998	37.474
1165062100	서울특별시 서초구 방배4동	126.992	37.49
1165065100	서울특별시 서초구 양재1동	127.019	37.47
1165065200	서울특별시 서초구 양재2동	127.044	37.454
1165066000	서울특별시 서초구 내곡동	127.071	37.452
1168000000	서울특별시 강남구	127.057	37.499
1168051000	서울특별시 강남구 신사동	127.021	37.526
1168052100	서울특별시 강남구 논현1동	127.026	37.512
1168053100	서울특별시 강남구 논현2동	127.036	37.515
1168054000	서울특별시 강남구 압구정제1동	127.035	37.529
1168054500	서울특별시 강남구 압구정동	127.035	37.529
1168055000	서울특별시 강남구 압구정제2동	127.035	37.529
1168056000	서울특별시 강남구 청담제1동	127.052	37.526
1168056500	서울특별시 강남구 청담동	127.052	37.526
1168057000	서울특별시 강남구 청담제2동	127.052	37.526
1168058000	서울특별시 강남구 삼성1동	127.06	37.516
1168059000	서울특별시 강남구 삼성2동	127.049	37.511
1168060000	서울특별시 강남구 대치1동	127.059	37.493
1168061000	서울특별시 강남구 대치2동	127.067	37.5
1168062000	서울특별시 강남구 대치제3동	127.067	37.5
1168063000	서울특별시 강남구 대치4동	127.055	37.502
1168064000	서울특별시 강남구 역삼1동	127.032	37.5
1168065000	서울특별시 강남구 역삼2동	127.045	37.498
1168065500	서울특별시 강남구 도곡1동	127.04	37.489
1168065600	서울특별시 강남구 도곡2동	127.053	37.488
1168066000	서울특별시 강남구 개포1동	127.059	37.48
1168067000	서울특별시 강남구 개포2동	127.067	37.486
1168067500	서울특별시 강남구 개포3동	127.077	37.494
1168068000	서울특별시 강남구 개포제3동	127.067	37.486
1168069000	서울특별시 강남구 개포4동	127.052	37.477
1168070000	서울특별시 강남구 세곡동	127.102	37.472
1168072000	서울특별시 강남구 일원본동	127.085	37.483
1168073000	서울특별시 강남구 일원1동	127.09	37.493
1168074000	서울특별시 강남구 일원2동	127.077	37.494
1168075000	서울특별시 강남구 수서동	127.098	37.485
1171000000	서울특별시 송파구	127.107	37.504
1171051000	서울특별시 송파구 풍납1동	127.114	37.538
1171052000	서울특별시 송파구 풍납2동	127.11	37.53
1171053100	서울특별시 송파구 거여1동	127.141	37.494
1171053200	서울특별시 송파구 거여2동	127.15	37.489
1171054000	서울특별시 송파구 마천1동	127.156	37.494
1171055000	서울특별시 송파구 마천2동	127.152	37.501
1171056100	서울특별시 송파구 방이1동	127.122	37.51
1171056200	서울특별시 송파구 방이2동	127.114	37.513
1171056600	서울특별시 송파구 오륜동	127.128	37.518
1171057000	서울특별시 송파구 오금동	127.135	37.504
1171058000	서울특별시 송파구 송파1동	127.111	37.507
1171059000	서울특별시 송파구 송파2동	127.118	37.503
1171060000	서울특별시 송파구 석촌동	127.103	37.503
1171061000	서울특별시 송파구 삼전동	127.091	37.502
1171062000	서울특별시 송파구 가락본동	127.12	37.497
1171063100	서울특별시 송파구 가락1동	127.107	37.495
1171063200	서울특별시 송파구 가락2동	127.131	37.496
1171064100	서울특별시 송파구 문정1동	127.126	37.488
1171064200	서울특별시 송파구 문정2동	127.12	37.479
1171064600	서울특별시 송파구 장지동	127.132	37.477
1171064700	서울특별시 송파구 위례동	127.141	37.479
1171065000	서울특별시 송파구 잠실본동	127.084	37.506
1171066000	서울특별시 송파구 잠실제1동	127.079	37.518
1171067000	서울특별시 송파구 잠실2동	127.079	37.518
1171068000	서울특별시 송파구 잠실3동	127.094	37.516
1171069000	서울특별시 송파구 잠실4동	127.109	37.522
1171070000	서울특별시 송파구 잠실제5동	127.094	37.516
1171071000	서울특별시 송파구 잠실6동	127.101	37.518
1171072000	서울특별시 송파구 잠실7동	127.074	37.507
1174000000	서울특별시 강동구	127.147	37.549
1174051500	서울특별시 강동구 강일동	127.175	37.563
1174052000	서울특별시 강동구 상일동	127.165	37.551
1174052500	서울특별시 강동구 상일제1동	127.165	37.551
1174052600	서울특별시 강동구 상일제2동	127.177	37.551
1174053000	서울특별시 강동구 명일제1동	127.147	37.549
1174054000	서울특별시 강동구 명일제2동	127.153	37.548
1174055000	서울특별시 강동구 고덕제1동	127.151	37.564
1174056000	서울특별시 강동구 고덕제2동	127.161	37.567
1174057000	서울특별시 강동구 암사제1동	127.134	37.551
1174058000	서울특별시 강동구 암사제2동	127.122	37.558
1174059000	서울특별시 강동구 암사제3동	127.14	37.562
1174059100	서울특별시 강동구 암사제4동	127.134	37.551
1174060000	서울특별시 강동구 천호제1동	127.139	37.547
1174061000	서울특별시 강동구 천호제2동	127.121	37.544
1174062000	서울특별시 강동구 천호제3동	127.132	37.539
1174063000	서울특별시 강동구 천호제4동	127.121	37.544
1174064000	서울특별시 강동구 성내제1동	127.125	37.528
1174065000	서울특별시 강동구 성내제2동	127.128	37.534
1174066000	서울특별시 강동구 성내제3동	127.134	37.528
1174067000	서울특별시 강동구 길제1동	127.146	37.54
1174068000	서울특별시 강동구 길제2동	127.146	37.54
1174068500	서울특별시 강동구 길동	127.146	37.54
1174069000	서울특별시 강동구 둔촌제1동	127.14	37.523
1174070000	서울특별시 강동구 둔촌제2동	127.146	37.532
2600000000	부산광역시	129.047	35.176
2611000000	부산광역시 중구	129.031	35.106
2611051000	부산광역시 중구 중앙동	129.041	35.103
2611052000	부산광역시 중구 동광동	129.034	35.104
2611053000	부산광역시 중구 대청동	129.031	35.105
2611054500	부산광역시 중구 보수동	129.025	35.107
2611056000	부산광역시 중구 부평동	129.026	35.101
2611057000	부산광역시 중구 광복동	129.031	35.1
2611058000	부산광역시 중구 남포동	129.029	35.097
2611059000	부산광역시 중구 영주제1동	129.035	35.112
2611060000	부산광역시 중구 영주제2동	129.031	35.113
2614000000	부산광역시 서구	129.02	35.095
2614051000	부산광역시 서구 동대신제1동	129.022	35.11
2614052000	부산광역시 서구 동대신제2동	129.024	35.113
2614053000	부산광역시 서구 동대신제3동	129.022	35.123
2614054000	부산광역시 서구 서대신제1동	129.013	35.109
2614055000	부산광역시 서구 서대신제2동	129.013	35.109
2614056000	부산광역시 서구 서대신제3동	129.008	35.115
2614057000	부산광역시 서구 서대신제4동	129.011	35.127
2614059000	부산광역시 서구 부민동	129.018	35.105
2614061500	부산광역시 서구 아미동	129.013	35.101
2614063000	부산광역시 서구 초장동	129.017	35.095
2614064000	부산광역시 서구 충무동	129.023	35.098
2614065000	부산광역시 서구 남부민제1동	129.021	35.09
2614066000	부산광역시 서구 남부민제2동	129.021	35.085
2614067000	부산광역시 서구 남부민제3동	129.021	35.085
2614068000	부산광역시 서구 암남동	129.013	35.07
2617000000	부산광역시 동구	129.045	35.129
2617051000	부산광역시 동구 초량제1동	129.037	35.115
2617052000	부산광역시 동구 초량제2동	129.032	35.118
2617053000	부산광역시 동구 초량제3동	129.044	35.12
2617054000	부산광역시 동구 초량제4동	129.031	35.124
2617055000	부산광역시 동구 초량제6동	129.031	35.124
2617056000	부산광역시 동구 수정제1동	129.04	35.125
2617057000	부산광역시 동구 수정제2동	129.039	35.132
2617058000	부산광역시 동구 수정제3동	129.039	35.132
2617059000	부산광역시 동구 수정제4동	129.032	35.131
2617060000	부산광역시 동구 수정제5동	129.042	35.135
2617061000	부산광역시 동구 좌천제1동	129.053	35.133
2617064000	부산광역시 동구 좌천제4동	129.053	35.133
2617064500	부산광역시 동구 좌천동	129.053	35.133
2617065000	부산광역시 동구 범일제1동	129.054	35.139
2617066000	부산광역시 동구 범일제2동	129.061	35.136
2617067000	부산광역시 동구 범일제4동	129.048	35.141
2617068000	부산광역시 동구 범일제5동	129.057	35.126
2617069000	부산광역시 동구 범일제6동	129.048	35.141
2620000000	부산광역시 영도구	129.066	35.075
2620053000	부산광역시 영도구 남항동	129.037	35.088
2620054000	부산광역시 영도구 영선제1동	129.043	35.089
2620055000	부산광역시 영도구 영선제2동	129.044	35.08
2620056000	부산광역시 영도구 신선제1동	129.047	35.09
2620057000	부산광역시 영도구 신선제2동	129.048	35.086
2620058000	부산광역시 영도구 신선제3동	129.048	35.086
2620058500	부산광역시 영도구 신선동	129.048	35.086
2620059000	부산광역시 영도구 봉래제1동	129.042	35.094
2620060500	부산광역시 영도구 봉래제2동	129.051	35.093
2620061000	부산광역시 영도구 봉래제3동	129.051	35.093
2620062000	부산광역시 영도구 봉래제4동	129.051	35.093
2620063000	부산광역시 영도구 청학제1동	129.057	35.094
2620064000	부산광역시 영도구 청학제2동	129.065	35.09
2620065000	부산광역시 영도구 동삼제1동	129.064	35.075
2620066000	부산광역시 영도구 동삼제2동	129.077	35.065
2620067000	부산광역시 영도구 동삼제3동	129.068	35.084
2623000000	부산광역시 부산진구	129.046	35.167
2623051000	부산광역시 부산진구 부전제1동	129.059	35.165
2623052000	부산광역시 부산진구 부전제2동	129.057	35.155
2623053000	부산광역시 부산진구 범전동	129.062	35.167
2623054000	부산광역시 부산진구 연지동	129.054	35.172
2623055000	부산광역시 부산진구 초읍동	129.036	35.186
2623056000	부산광역시 부산진구 양정제1동	129.067	35.172
2623057000	부산광역시 부산진구 양정제2동	129.076	35.173
2623060000	부산광역시 부산진구 전포제1동	129.072	35.155
2623061000	부산광역시 부산진구 전포제2동	129.071	35.164
2623062000	부산광역시 부산진구 전포3동	129.069	35.151
2623064000	부산광역시 부산진구 부암제1동	129.049	35.163
2623066000	부산광역시 부산진구 부암제3동	129.034	35.175
2623067000	부산광역시 부산진구 당감제1동	129.02	35.169
2623068000	부산광역시 부산진구 당감제2동	129.042	35.159
2623069000	부산광역시 부산진구 당감제3동	129.04	35.159
2623070000	부산광역시 부산진구 당감제4동	129.029	35.171
2623071000	부산광역시 부산진구 가야제1동	129.034	35.146
2623072000	부산광역시 부산진구 가야제2동	129.025	35.145
2623073000	부산광역시 부산진구 가야제3동	129.034	35.154
2623074000	부산광역시 부산진구 개금제1동	129.021	35.151
2623075000	부산광역시 부산진구 개금제2동	129.019	35.142
2623076000	부산광역시 부산진구 개금제3동	129.022	35.159
2623077000	부산광역시 부산진구 범천제1동	129.06	35.146
2623078000	부산광역시 부산진구 범천제2동	129.055	35.148
2623079000	부산광역시 부산진구 범천제4동	129.047	35.152
2626000000	부산광역시 동래구	129.08	35.205
2626051000	부산광역시 동래구 수민동	129.088	35.198
2626052000	부산광역시 동래구 복산동	129.09	35.205
2626053000	부산광역시 동래구 명륜제1동	129.085	35.21
2626054000	부산광역시 동래구 명륜제2동	129.085	35.21
2626054500	부산광역시 동래구 명륜동	129.085	35.21
2626055000	부산광역시 동래구 온천제1동	129.076	35.219
2626056000	부산광역시 동래구 온천제2동	129.063	35.214
2626057000	부산광역시 동래구 온천제3동	129.064	35.206
2626058000	부산광역시 동래구 사직제1동	129.063	35.199
2626059000	부산광역시 동래구 사직제2동	129.051	35.2
2626060000	부산광역시 동래구 사직제3동	129.07	35.198
2626074000	부산광역시 동래구 안락제1동	129.1	35.198
2626075000	부산광역시 동래구 안락제2동	129.108	35.193
2626076100	부산광역시 동래구 명장제1동	129.106	35.205
2626076200	부산광역시 동래구 명장제2동	129.099	35.209
2629000000	부산광역시 남구	129.094	35.13
2629051000	부산광역시 남구 대연제1동	129.093	35.133
2629052000	부산광역시 남구 대연제2동	129.083	35.133
2629053000	부산광역시 남구 대연제3동	129.098	35.143
2629054000	부산광역시 남구 대연제4동	129.093	35.127
2629055000	부산광역시 남구 대연제5동	129.089	35.142
2629056000	부산광역시 남구 대연제6동	129.082	35.139
2629057000	부산광역시 남구 용호제1동	129.109	35.126
2629058000	부산광역시 남구 용호제2동	129.119	35.108
2629059000	부산광역시 남구 용호제3동	129.118	35.124
2629060000	부산광역시 남구 용호제4동	129.109	35.108
2629061000	부산광역시 남구 용당동	129.097	35.113
2629062000	부산광역시 남구 감만제1동	129.078	35.113
2629063000	부산광역시 남구 감만제2동	129.085	35.122
2629064000	부산광역시 남구 우암제1동	129.079	35.126
2629064500	부산광역시 남구 우암동	129.076	35.126
2629065000	부산광역시 남구 우암제2동	129.07	35.127
2629068000	부산광역시 남구 문현제1동	129.077	35.146
2629069000	부산광역시 남구 문현제2동	129.067	35.143
2629070000	부산광역시 남구 문현제3동	129.072	35.139
2629071000	부산광역시 남구 문현제4동	129.069	35.132
2632000000	부산광역시 북구	129.022	35.234
2632051000	부산광역시 북구 구포제1동	129.002	35.207
2632052000	부산광역시 북구 구포제2동	128.998	35.199
2632052100	부산광역시 북구 구포제3동	129.014	35.196
2632053000	부산광역시 북구 금곡동	129.024	35.26
2632054000	부산광역시 북구 화명동	129.028	35.228
2632054100	부산광역시 북구 화명제1동	129.028	35.228
2632054200	부산광역시 북구 화명제2동	129.032	35.247
2632054300	부산광역시 북구 화명제3동	129.005	35.232
2632055000	부산광역시 북구 덕천제1동	129.017	35.217
2632056000	부산광역시 북구 덕천제2동	129.004	35.215
2632056100	부산광역시 북구 덕천제3동	129.019	35.206
2632057100	부산광역시 북구 만덕제1동	129.04	35.221
2632057200	부산광역시 북구 만덕제2동	129.038	35.203
2632057300	부산광역시 북구 만덕제3동	129.027	35.203
2635000000	부산광역시 해운대구	129.146	35.199
2635051000	부산광역시 해운대구 우제1동	129.159	35.178
2635052000	부산광역시 해운대구 우제2동	129.141	35.176
2635052500	부산광역시 해운대구 우제3동	129.142	35.16
2635053000	부산광역시 해운대구 중제1동	129.17	35.164
2635054000	부산광역시 해운대구 중제2동	129.183	35.161
2635055000	부산광역시 해운대구 좌동	129.176	35.173
2635055100	부산광역시 해운대구 좌제1동	129.176	35.173
2635055200	부산광역시 해운대구 좌제2동	129.184	35.17
2635055300	부산광역시 해운대구 좌제3동	129.168	35.173
2635055400	부산광역시 해운대구 좌제4동	129.171	35.19
2635056000	부산광역시 해운대구 송정동	129.199	35.183
2635057000	부산광역시 해운대구 반여제1동	129.128	35.204
2635058000	부산광역시 해운대구 반여제2동	129.13	35.199
2635059000	부산광역시 해운대구 반여제3동	129.137	35.201
2635059500	부산광역시 해운대구 반여제4동	129.115	35.208
2635061000	부산광역시 해운대구 반송제1동	129.141	35.223
2635062000	부산광역시 해운대구 반송제2동	129.147	35.236
2635063000	부산광역시 해운대구 반송제3동	129.141	35.223
2635065000	부산광역시 해운대구 재송제1동	129.118	35.189
2635066000	부산광역시 해운대구 재송제2동	129.131	35.193
2638000000	부산광역시 사하구	128.964	35.08
2638051000	부산광역시 사하구 괴정제1동	128.99	35.1
2638052000	부산광역시 사하구 괴정제2동	129.003	35.108
2638053000	부산광역시 사하구 괴정제3동	128.996	35.106
2638054000	부산광역시 사하구 괴정제4동	128.985	35.103
2638055000	부산광역시 사하구 당리동	128.982	35.111
2638056100	부산광역시 사하구 하단제1동	128.941	35.094
2638056200	부산광역시 사하구 하단제2동	128.96	35.117
2638057100	부산광역시 사하구 신평제1동	128.976	35.091
2638057200	부산광역시 사하구 신평제2동	128.959	35.091
2638058000	부산광역시 사하구 장림제1동	128.96	35.075
2638059000	부산광역시 사하구 장림제2동	128.977	35.075
2638060100	부산광역시 사하구 다대제1동	128.968	35.053
2638060200	부산광역시 사하구 다대제2동	128.99	35.059
2638061000	부산광역시 사하구 구평동	128.988	35.07
2638062000	부산광역시 사하구 감천제1동	129.004	35.087
2638063000	부산광역시 사하구 감천제2동	129.008	35.094
2641000000	부산광역시 금정구	129.092	35.258
2641051000	부산광역시 금정구 서제1동	129.098	35.218
2641052000	부산광역시 금정구 서제2동	129.104	35.213
2641053000	부산광역시 금정구 서제3동	129.104	35.222
2641054000	부산광역시 금정구 서제4동	129.104	35.222
2641055000	부산광역시 금정구 금사동	129.122	35.233
2641055500	부산광역시 금정구 금사회동동	129.121	35.233
2641057000	부산광역시 금정구 부곡제1동	129.095	35.225
2641058000	부산광역시 금정구 부곡제2동	129.096	35.231
2641059000	부산광역시 금정구 부곡제3동	129.114	35.245
2641059100	부산광역시 금정구 부곡제4동	129.091	35.219
2641060000	부산광역시 금정구 장전제1동	129.075	35.24
2641061000	부산광역시 금정구 장전제2동	129.072	35.231
2641062000	부산광역시 금정구 장전제3동	129.086	35.227
2641063500	부산광역시 금정구 선두구동	129.112	35.281
2641066500	부산광역시 금정구 청룡노포동	129.078	35.288
2641067000	부산광역시 금정구 남산동	129.079	35.267
2641068000	부산광역시 금정구 구서제1동	129.095	35.25
2641069000	부산광역시 금정구 구서제2동	129.081	35.255
2641070000	부산광역시 금정구 금성동	129.058	35.255
2644000000	부산광역시 강서구	128.871	35.111
2644051000	부산광역시 강서구 대저1동	128.97	35.211
2644052000	부산광역시 강서구 대저2동	128.941	35.158
2644053000	부산광역시 강서구 강동동	128.912	35.179
2644053500	부산광역시 강서구 명지1동	128.919	35.112
2644054000	부산광역시 강서구 명지동	128.916	35.107
2644054500	부산광역시 강서구 명지2동	128.904	35.084
2644055000	부산광역시 강서구 가락동	128.893	35.177
2644056000	부산광역시 강서구 녹산동	128.869	35.117
2644057000	부산광역시 강서구 천가동	128.831	35.053
2644058000	부산광역시 강서구 가덕도동	128.831	35.053
2647000000	부산광역시 연제구	129.085	35.179
2647061000	부산광역시 연제구 거제제1동	129.078	35.194
2647062000	부산광역시 연제구 거제제2동	129.061	35.189
2647063000	부산광역시 연제구 거제제3동	129.071	35.182
2647064000	부산광역시 연제구 거제제4동	129.065	35.181
2647065000	부산광역시 연제구 연산제1동	129.089	35.188
2647066000	부산광역시 연제구 연산제2동	129.082	35.171
2647067000	부산광역시 연제구 연산제3동	129.09	35.166
2647068000	부산광역시 연제구 연산제4동	129.085	35.186
2647069000	부산광역시 연제구 연산제5동	129.079	35.184
2647070000	부산광역시 연제구 연산제6동	129.085	35.169
2647071000	부산광역시 연제구 연산제7동	129.085	35.169
2647072000	부산광역시 연제구 연산제8동	129.097	35.186
2647073000	부산광역시 연제구 연산제9동	129.107	35.184
2650000000	부산광역시 수영구	129.113	35.161
2650066000	부산광역시 수영구 남천제1동	129.107	35.143
2650067000	부산광역시 수영구 남천제2동	129.114	35.144
2650073000	부산광역시 수영구 수영동	129.117	35.17
2650074000	부산광역시 수영구 망미제1동	129.102	35.171
2650075000	부산광역시 수영구 망미제2동	129.116	35.18
2650076000	부산광역시 수영구 광안제1동	129.111	35.163
2650077000	부산광역시 수영구 광안제2동	129.116	35.154
2650078000	부산광역시 수영구 광안제3동	129.11	35.168
2650079000	부산광역시 수영구 광안제4동	129.105	35.155
2650080000	부산광역시 수영구 민락동	129.126	35.16
2653000000	부산광역시 사상구	128.988	35.157
2653058000	부산광역시 사상구 삼락동	128.972	35.17
2653059100	부산광역시 사상구 모라제1동	128.99	35.188
2653059200	부산광역시 사상구 모라제2동	128.99	35.188
2653059300	부산광역시 사상구 모라제3동	129.008	35.183
2653060000	부산광역시 사상구 덕포제1동	128.988	35.17
2653061000	부산광역시 사상구 덕포제2동	128.989	35.177
2653062000	부산광역시 사상구 괘법동	128.992	35.167
2653063000	부산광역시 사상구 감전제1동	128.972	35.147
2653064000	부산광역시 사상구 감전제2동	128.972	35.147
2653064500	부산광역시 사상구 감전동	128.972	35.147
2653065000	부산광역시 사상구 주례제1동	129.0	35.157
2653066000	부산광역시 사상구 주례제2동	129.011	35.154
2653066100	부산광역시 사상구 주례제3동	129.0	35.145
2653067000	부산광역시 사상구 학장동	128.988	35.137
2653068000	부산광역시 사상구 엄궁동	128.972	35.127
2671000000	부산광역시 기장군	129.193	35.284
2671025000	부산광역시 기장군 기장읍	129.211	35.225
2671025300	부산광역시 기장군 장안읍	129.243	35.348
2671025600	부산광역시 기장군 정관읍	129.176	35.328
2671025900	부산광역시 기장군 일광읍	129.22	35.287
2671031000	부산광역시 기장군 일광면	129.222	35.285
2671032000	부산광역시 기장군 정관면	129.176	35.328
2671033000	부산광역시 기장군 철마면	129.159	35.281
2700000000	대구광역시	128.569	35.828
2711000000	대구광역시 중구	128.596	35.867
2711051500	대구광역시 중구 동인1.2.4가동	128.607	35.87
2711051700	대구광역시 중구 동인동	128.607	35.87
2711052000	대구광역시 중구 동인3가동	128.607	35.87
2711054500	대구광역시 중구 삼덕동	128.605	35.865
2711056500	대구광역시 중구 성내1동	128.594	35.868
2711057500	대구광역시 중구 성내2동	128.591	35.871
2711058500	대구광역시 중구 성내3동	128.582	35.875
2711059500	대구광역시 중구 대신동	128.58	35.868
2711064000	대구광역시 중구 남산1동	128.594	35.861
2711065000	대구광역시 중구 남산2동	128.588	35.864
2711066000	대구광역시 중구 남산3동	128.586	35.86
2711067000	대구광역시 중구 남산4동	128.579	35.861
2711068000	대구광역시 중구 대봉1동	128.605	35.859
2711069000	대구광역시 중구 대봉2동	128.598	35.858
2714000000	대구광역시 동구	128.683	35.933
2714051000	대구광역시 동구 신암1동	128.619	35.886
2714052000	대구광역시 동구 신암2동	128.612	35.878
2714053000	대구광역시 동구 신암3동	128.621	35.88
2714054000	대구광역시 동구 신암4동	128.628	35.885
2714054100	대구광역시 동구 신암5동	128.634	35.89
2714055500	대구광역시 동구 신천1.2동	128.616	35.872
2714057000	대구광역시 동구 신천3동	128.622	35.872
2714058000	대구광역시 동구 신천4동	128.63	35.873
2714059000	대구광역시 동구 효목1동	128.645	35.883
2714060000	대구광역시 동구 효목2동	128.638	35.877
2714061500	대구광역시 동구 도평동	128.686	35.925
2714062000	대구광역시 동구 불로.봉무동	128.642	35.915
2714064000	대구광역시 동구 지저동	128.641	35.899
2714065500	대구광역시 동구 동촌동	128.657	35.895
2714067000	대구광역시 동구 방촌동	128.667	35.878
2714068500	대구광역시 동구 해안동	128.686	35.899
2714072000	대구광역시 동구 안심1동	128.694	35.866
2714073000	대구광역시 동구 안심2동	128.708	35.898
2714074200	대구광역시 동구 안심3동	128.734	35.863
2714074500	대구광역시 동구 안심3.4동	128.735	35.886
2714074700	대구광역시 동구 안심4동	128.714	35.867
2714075500	대구광역시 동구 혁신동	128.736	35.896
2714076000	대구광역시 동구 공산동	128.681	35.975
2717000000	대구광역시 서구	128.548	35.875
2717051000	대구광역시 서구 내당1동	128.562	35.862
2717052500	대구광역시 서구 내당2.3동	128.57	35.866
2717054000	대구광역시 서구 내당4동	128.551	35.859
2717055000	대구광역시 서구 비산1동	128.566	35.882
2717056500	대구광역시 서구 비산2.3동	128.575	35.877
2717058000	대구광역시 서구 비산4동	128.573	35.87
2717059000	대구광역시 서구 비산5동	128.568	35.886
2717060000	대구광역시 서구 비산6동	128.569	35.876
2717061000	대구광역시 서구 비산7동	128.55	35.888
2717062000	대구광역시 서구 평리1동	128.565	35.877
2717063000	대구광역시 서구 평리2동	128.566	35.869
2717064000	대구광역시 서구 평리3동	128.559	35.876
2717065000	대구광역시 서구 평리4동	128.558	35.867
2717066000	대구광역시 서구 평리5동	128.551	35.872
2717066100	대구광역시 서구 평리6동	128.551	35.879
2717067500	대구광역시 서구 상중이동	128.534	35.872
2717069500	대구광역시 서구 원대동	128.577	35.884
2720000000	대구광역시 남구	128.581	35.834
2720051500	대구광역시 남구 이천동	128.602	35.851
2720053000	대구광역시 남구 봉덕1동	128.597	35.847
2720054000	대구광역시 남구 봉덕2동	128.601	35.826
2720055000	대구광역시 남구 봉덕3동	128.594	35.828
2720056000	대구광역시 남구 대명1동	128.575	35.843
2720057100	대구광역시 남구 대명2동	128.59	35.852
2720057500	대구광역시 남구 대명2.8동	128.59	35.852
2720058500	대구광역시 남구 대명3.7동	128.579	35.853
2720058600	대구광역시 남구 대명3동	128.579	35.853
2720059000	대구광역시 남구 대명4동	128.572	35.846
2720060000	대구광역시 남구 대명5동	128.585	35.845
2720061000	대구광역시 남구 대명6동	128.571	35.829
2720064000	대구광역시 남구 대명9동	128.582	35.826
2720065000	대구광역시 남구 대명10동	128.567	35.841
2720066000	대구광역시 남구 대명11동	128.562	35.831
2723000000	대구광역시 북구	128.58	35.931
2723051000	대구광역시 북구 고성동	128.585	35.881
2723052600	대구광역시 북구 칠성동	128.596	35.88
2723055000	대구광역시 북구 침산1동	128.583	35.898
2723056000	대구광역시 북구 침산2동	128.597	35.887
2723057000	대구광역시 북구 침산3동	128.589	35.893
2723058500	대구광역시 북구 노원1.2동	128.565	35.895
2723059500	대구광역시 북구 노원3동	128.565	35.895
2723061000	대구광역시 북구 산격1동	128.597	35.896
2723062000	대구광역시 북구 산격2동	128.609	35.907
2723063000	대구광역시 북구 산격3동	128.61	35.893
2723063100	대구광역시 북구 산격4동	128.603	35.895
2723064000	대구광역시 북구 대현1동	128.607	35.882
2723064500	대구광역시 북구 대현동	128.607	35.882
2723065000	대구광역시 북구 대현2동	128.607	35.882
2723067100	대구광역시 북구 복현1동	128.618	35.893
2723067200	대구광역시 북구 복현2동	128.622	35.898
2723068000	대구광역시 북구 검단동	128.62	35.917
2723069500	대구광역시 북구 무태조야동	128.616	35.946
2723071500	대구광역시 북구 관문동	128.538	35.907
2723072000	대구광역시 북구 칠곡1동	128.552	35.92
2723072500	대구광역시 북구 태전1동	128.541	35.924
2723073000	대구광역시 북구 칠곡2동	128.538	35.907
2723073500	대구광역시 북구 태전2동	128.552	35.92
2723074000	대구광역시 북구 칠곡3동	128.567	35.959
2723074500	대구광역시 북구 구암동	128.572	35.932
2723075000	대구광역시 북구 관음동	128.54	35.946
2723076000	대구광역시 북구 태전동	128.541	35.924
2723077000	대구광역시 북구 읍내동	128.549	35.956
2723078000	대구광역시 북구 동천동	128.56	35.939
2723079000	대구광역시 북구 노원동	128.565	35.895
2723080000	대구광역시 북구 국우동	128.577	35.96
2726000000	대구광역시 수성구	128.662	35.835
2726051000	대구광역시 수성구 범어1동	128.626	35.853
2726052000	대구광역시 수성구 범어2동	128.633	35.863
2726053000	대구광역시 수성구 범어3동	128.623	35.864
2726054000	대구광역시 수성구 범어4동	128.638	35.853
2726055000	대구광역시 수성구 만촌1동	128.649	35.872
2726056000	대구광역시 수성구 만촌2동	128.648	35.862
2726056100	대구광역시 수성구 만촌3동	128.651	35.85
2726057000	대구광역시 수성구 수성1가동	128.611	35.855
2726058000	대구광역시 수성구 수성2.3가동	128.617	35.855
2726059000	대구광역시 수성구 수성4가동	128.615	35.864
2726060100	대구광역시 수성구 황금1동	128.637	35.841
2726060200	대구광역시 수성구 황금2동	128.623	35.845
2726061000	대구광역시 수성구 중동	128.612	35.845
2726062000	대구광역시 수성구 상동	128.612	35.833
2726063000	대구광역시 수성구 파동	128.612	35.817
2726064000	대구광역시 수성구 두산동	128.621	35.828
2726065100	대구광역시 수성구 지산1동	128.632	35.831
2726065200	대구광역시 수성구 지산2동	128.631	35.818
2726066100	대구광역시 수성구 범물1동	128.661	35.81
2726066200	대구광역시 수성구 범물2동	128.644	35.811
2726067000	대구광역시 수성구 고산1동	128.704	35.816
2726068000	대구광역시 수성구 고산2동	128.675	35.838
2726069000	대구광역시 수성구 고산3동	128.713	35.849
2729000000	대구광역시 달서구	128.526	35.821
2729051000	대구광역시 달서구 성당1동	128.554	35.845
2729051500	대구광역시 달서구 성당동	128.554	35.845
2729052000	대구광역시 달서구 성당2동	128.554	35.845
2729053000	대구광역시 달서구 두류1동	128.566	35.856
2729053500	대구광역시 달서구 두류1.2동	128.566	35.856
2729054000	대구광역시 달서구 두류2동	128.566	35.856
2729055000	대구광역시 달서구 두류3동	128.555	35.852
2729055500	대구광역시 달서구 감삼동	128.539	35.849
2729056300	대구광역시 달서구 죽전동	128.541	35.854
2729056800	대구광역시 달서구 장기동	128.522	35.843
2729057100	대구광역시 달서구 용산1동	128.529	35.856
2729057200	대구광역시 달서구 용산2동	128.52	35.86
2729057500	대구광역시 달서구 이곡동	128.511	35.856
2729057600	대구광역시 달서구 이곡1동	128.511	35.856
2729057700	대구광역시 달서구 이곡2동	128.504	35.851
2729058500	대구광역시 달서구 신당동	128.486	35.848
2729059000	대구광역시 달서구 본리동	128.538	35.84
2729060100	대구광역시 달서구 월성1동	128.524	35.823
2729060200	대구광역시 달서구 월성2동	128.498	35.826
2729061500	대구광역시 달서구 진천동	128.523	35.804
2729061700	대구광역시 달서구 유천동	128.516	35.818
2729062400	대구광역시 달서구 상인1동	128.54	35.819
2729062500	대구광역시 달서구 상인2동	128.538	35.813
2729062600	대구광역시 달서구 상인3동	128.563	35.813
2729062800	대구광역시 달서구 도원동	128.555	35.793
2729063000	대구광역시 달서구 송현1동	128.556	35.825
2729064000	대구광역시 달서구 송현2동	128.547	35.83
2729065000	대구광역시 달서구 본동	128.541	35.831
2771000000	대구광역시 달성군	128.451	35.888
2771025000	대구광역시 달성군 화원읍	128.514	35.785
2771025300	대구광역시 달성군 논공읍	128.428	35.757
2771025400	대구광역시 달성군 논공읍공단출장소	128.453	35.73
2771025600	대구광역시 달성군 다사읍	128.45	35.866
2771025700	대구광역시 달성군 다사읍서재출장소	128.494	35.872
2771025900	대구광역시 달성군 유가읍	128.485	35.682
2771026200	대구광역시 달성군 옥포읍	128.49	35.765
2771026500	대구광역시 달성군 현풍읍	128.418	35.688
2771029000	대구광역시 달성군 논공읍공단출장소	128.453	35.73
2771031000	대구광역시 달성군 가창면	128.618	35.757
2771033000	대구광역시 달성군 하빈면	128.432	35.896
2771034000	대구광역시 달성군 옥포면	128.489	35.764
2771036000	대구광역시 달성군 현풍면	128.418	35.688
2771037000	대구광역시 달성군 유가면	128.485	35.682
2771038000	대구광역시 달성군 구지면	128.407	35.657
2772000000	대구광역시 군위군	128.725	36.167
2772025000	대구광역시 군위군 군위읍	128.579	36.235
2772031000	대구광역시 군위군 소보면	128.471	36.256
2772032000	대구광역시 군위군 효령면	128.589	36.143
2772033000	대구광역시 군위군 부계면	128.66	36.067
2772034000	대구광역시 군위군 우보면	128.645	36.169
2772035000	대구광역시 군위군 의흥면	128.738	36.162
2772036000	대구광역시 군위군 산성면	128.717	36.093
2772037000	대구광역시 군위군 삼국유사면	128.828	36.151
2800000000	인천광역시	126.653	37.477
2811000000	인천광역시 중구	126.472	37.478
2811052000	인천광역시 중구 연안동	126.601	37.45
2811053000	인천광역시 중구 신포동	126.622	37.467
2811054000	인천광역시 중구 신흥동	126.627	37.45
2811056000	인천광역시 중구 도원동	126.639	37.467
2811057000	인천광역시 중구 율목동	126.635	37.47
2811058500	인천광역시 중구 동인천동	126.628	37.475
2811060000	인천광역시 중구 북성동	126.604	37.476
2811061000	인천광역시 중구 송월동	126.621	37.479
2811061500	인천광역시 중구 개항동	126.604	37.476
2811062000	인천광역시 중구 영종동	126.545	37.499
2811062200	인천광역시 중구 영종1동	126.565	37.493
2811062300	인천광역시 중구 영종2동	126.553	37.488
2811062400	인천광역시 중구 영종출장중산지소	126.56	37.486
2811062500	인천광역시 중구 영종출장운서지소	126.451	37.465
2811062600	인천광역시 중구 영종용유운서지소	126.451	37.465
2811062700	인천광역시 중구 영종출장운서지소	126.451	37.465
2811062800	인천광역시 중구 운서동	126.451	37.465
2811063000	인천광역시 중구 용유동	126.402	37.448
2811063500	인천광역시 중구 용유동무의지소	126.426	37.39
2811063600	인천광역시 중구 영종용유무의지소	126.426	37.39
2811063700	인천광역시 중구 용유출장무의지소	126.426	37.39
2814000000	인천광역시 동구	126.636	37.482
2814051000	인천광역시 동구 만석동	126.62	37.486
2814052500	인천광역시 동구 화수1.화평동	126.63	37.48
2814053000	인천광역시 동구 화수2동	126.631	37.485
2814055500	인천광역시 동구 송현1.2동	126.635	37.478
2814057000	인천광역시 동구 송현3동	126.641	37.487
2814058000	인천광역시 동구 송림1동	126.639	37.476
2814059000	인천광역시 동구 송림2동	126.643	37.477
2814060500	인천광역시 동구 송림3.5동	126.648	37.473
2814061000	인천광역시 동구 송림4동	126.663	37.482
2814063000	인천광역시 동구 송림6동	126.65	37.481
2814064000	인천광역시 동구 금창동	126.64	37.471
2817000000	인천광역시 남구	126.665	37.457
2817051000	인천광역시 남구 숭의1동	126.641	37.463
2817052000	인천광역시 남구 숭의2동	126.647	37.461
2817053000	인천광역시 남구 숭의3동	126.643	37.464
2817053500	인천광역시 남구 숭의1,3동	126.643	37.464
2817054000	인천광역시 남구 숭의4동	126.657	37.462
2817055000	인천광역시 남구 용현1동	126.66	37.452
2817055500	인천광역시 남구 용현1,4동	126.66	37.452
2817056000	인천광역시 남구 용현2동	126.644	37.456
2817057000	인천광역시 남구 용현3동	126.653	37.456
2817058000	인천광역시 남구 용현4동	126.66	37.452
2817059000	인천광역시 남구 용현5동	126.64	37.449
2817060000	인천광역시 남구 학익1동	126.652	37.44
2817061000	인천광역시 남구 학익2동	126.671	37.443
2817063000	인천광역시 남구 도화1동	126.67	37.462
2817064000	인천광역시 남구 도화2동	126.663	37.475
2817064500	인천광역시 남구 도화2,3동	126.663	37.475
2817065000	인천광역시 남구 도화3동	126.663	37.475
2817066000	인천광역시 남구 주안1동	126.682	37.462
2817067000	인천광역시 남구 주안2동	126.673	37.456
2817068000	인천광역시 남구 주안3동	126.671	37.448
2817069000	인천광역시 남구 주안4동	126.687	37.455
2817070000	인천광역시 남구 주안5동	126.679	37.47
2817071000	인천광역시 남구 주안6동	126.691	37.46
2817072000	인천광역시 남구 주안7동	126.678	37.447
2817073000	인천광역시 남구 주안8동	126.684	37.446
2817073500	인천광역시 남구 관교동	126.694	37.443
2817074000	인천광역시 남구 문학동	126.686	37.436
2817700000	인천광역시 미추홀구	126.665	37.457
2817751000	인천광역시 미추홀구 숭의2동	126.647	37.461
2817752000	인천광역시 미추홀구 숭의1,3동	126.643	37.464
2817753000	인천광역시 미추홀구 숭의4동	126.657	37.462
2817754000	인천광역시 미추홀구 용현1,4동	126.66	37.452
2817755000	인천광역시 미추홀구 용현2동	126.644	37.456
2817756000	인천광역시 미추홀구 용현3동	126.653	37.456
2817757000	인천광역시 미추홀구 용현5동	126.64	37.449
2817758000	인천광역시 미추홀구 학익1동	126.653	37.44
2817759000	인천광역시 미추홀구 학익2동	126.671	37.443
2817760000	인천광역시 미추홀구 도화1동	126.67	37.462
2817761000	인천광역시 미추홀구 도화2,3동	126.663	37.475
2817762000	인천광역시 미추홀구 주안1동	126.682	37.462
2817763000	인천광역시 미추홀구 주안2동	126.673	37.456
2817764000	인천광역시 미추홀구 주안3동	126.671	37.448
2817765000	인천광역시 미추홀구 주안4동	126.687	37.455
2817766000	인천광역시 미추홀구 주안5동	126.679	37.47
2817767000	인천광역시 미추홀구 주안6동	126.691	37.46
2817768000	인천광역시 미추홀구 주안7동	126.678	37.447
2817769000	인천광역시 미추홀구 주안8동	126.684	37.446
2817770000	인천광역시 미추홀구 관교동	126.694	37.443
2817771000	인천광역시 미추홀구 문학동	126.686	37.436
2818500000	인천광역시 연수구	126.634	37.391
2818562000	인천광역시 연수구 옥련동	126.647	37.42
2818563000	인천광역시 연수구 옥련1동	126.647	37.42
2818564000	인천광역시 연수구 옥련2동	126.643	37.428
2818575000	인천광역시 연수구 선학동	126.696	37.428
2818576100	인천광역시 연수구 연수1동	126.68	37.425
2818576200	인천광역시 연수구 연수2동	126.683	37.413
2818576300	인천광역시 연수구 연수3동	126.688	37.419
2818576600	인천광역시 연수구 청학동	126.664	37.425
2818578000	인천광역시 연수구 동춘1동	126.658	37.406
2818579000	인천광역시 연수구 동춘2동	126.671	37.401
2818579500	인천광역시 연수구 동춘3동	126.677	37.408
2818580000	인천광역시 연수구 청량동	126.677	37.408
2818581000	인천광역시 연수구 송도동	126.649	37.378
2818582000	인천광역시 연수구 송도1동	126.647	37.383
2818583000	인천광역시 연수구 송도2동	126.624	37.396
2818584000	인천광역시 연수구 송도3동	126.67	37.367
2818585000	인천광역시 연수구 송도4동	126.621	37.396
2818586000	인천광역시 연수구 송도5동	126.62	37.418
2820000000	인천광역시 남동구	126.738	37.43
2820051000	인천광역시 남동구 구월1동	126.709	37.445
2820052000	인천광역시 남동구 구월2동	126.715	37.457
2820052100	인천광역시 남동구 구월3동	126.697	37.45
2820052200	인천광역시 남동구 구월4동	126.724	37.448
2820053000	인천광역시 남동구 간석1동	126.702	37.461
2820054000	인천광역시 남동구 간석2동	126.712	37.461
2820055000	인천광역시 남동구 간석3동	126.715	37.47
2820055100	인천광역시 남동구 간석4동	126.697	37.467
2820056000	인천광역시 남동구 만수1동	126.732	37.452
2820057000	인천광역시 남동구 만수2동	126.736	37.464
2820058000	인천광역시 남동구 만수3동	126.727	37.466
2820058100	인천광역시 남동구 만수4동	126.737	37.456
2820058200	인천광역시 남동구 만수5동	126.727	37.456
2820058300	인천광역시 남동구 만수6동	126.74	37.441
2820065000	인천광역시 남동구 장수서창동	126.76	37.445
2820065500	인천광역시 남동구 서창2동	126.748	37.425
2820066000	인천광역시 남동구 남촌도림동	126.722	37.428
2820067000	인천광역시 남동구 논현고잔동	126.705	37.396
2820068000	인천광역시 남동구 논현동	126.736	37.409
2820069000	인천광역시 남동구 논현1동	126.736	37.409
2820070000	인천광역시 남동구 논현2동	126.706	37.409
2820071000	인천광역시 남동구 논현고잔동	126.705	37.396
2823700000	인천광역시 부평구	126.717	37.494
2823751000	인천광역시 부평구 부평1동	126.719	37.498
2823752000	인천광역시 부평구 부평2동	126.719	37.48
2823753000	인천광역시 부평구 부평3동	126.708	37.483
2823754000	인천광역시 부평구 부평4동	126.726	37.501
2823755000	인천광역시 부평구 부평5동	126.732	37.497
2823756000	인천광역시 부평구 부평6동	126.726	37.484
2823757000	인천광역시 부평구 산곡1동	126.695	37.503
2823758000	인천광역시 부평구 산곡2동	126.704	37.503
2823758100	인천광역시 부평구 산곡3동	126.707	37.493
2823758200	인천광역시 부평구 산곡4동	126.712	37.502
2823759100	인천광역시 부평구 청천1동	126.694	37.518
2823759200	인천광역시 부평구 청천2동	126.713	37.514
2823764100	인천광역시 부평구 갈산1동	126.727	37.515
2823764200	인천광역시 부평구 갈산2동	126.727	37.511
2823764500	인천광역시 부평구 삼산동	126.746	37.52
2823764600	인천광역시 부평구 삼산1동	126.746	37.52
2823764800	인천광역시 부평구 삼산2동	126.738	37.512
2823765000	인천광역시 부평구 부개1동	126.736	37.483
2823766000	인천광역시 부평구 부개2동	126.738	37.493
2823766100	인천광역시 부평구 부개3동	126.739	37.502
2823767000	인천광역시 부평구 일신동	126.748	37.476
2823768000	인천광역시 부평구 십정1동	126.695	37.478
2823769000	인천광역시 부평구 십정2동	126.705	37.475
2824500000	인천광역시 계양구	126.736	37.559
2824560100	인천광역시 계양구 효성1동	126.708	37.535
2824560200	인천광역시 계양구 효성2동	126.692	37.533
2824561100	인천광역시 계양구 계산1동	126.717	37.541
2824561200	인천광역시 계양구 계산2동	126.719	37.548
2824561300	인천광역시 계양구 계산3동	126.731	37.539
2824561400	인천광역시 계양구 계산4동	126.74	37.539
2824562100	인천광역시 계양구 작전1동	126.729	37.53
2824562200	인천광역시 계양구 작전2동	126.722	37.53
2824564000	인천광역시 계양구 작전서운동	126.747	37.531
2824571000	인천광역시 계양구 계양1동	126.734	37.577
2824572000	인천광역시 계양구 계양2동	126.74	37.549
2824573000	인천광역시 계양구 계양3동	126.759	37.559
2826000000	인천광역시 서구	126.647	37.557
2826051500	인천광역시 서구 검암경서동	126.636	37.559
2826053000	인천광역시 서구 연희동	126.682	37.549
2826053500	인천광역시 서구 청라동	126.656	37.523
2826053600	인천광역시 서구 청라1동	126.656	37.533
2826053700	인천광역시 서구 청라2동	126.632	37.535
2826053900	인천광역시 서구 청라3동	126.623	37.533
2826054200	인천광역시 서구 가정1동	126.669	37.526
2826054300	인천광역시 서구 가정2동	126.682	37.53
2826054400	인천광역시 서구 가정3동	126.68	37.517
2826055000	인천광역시 서구 석남1동	126.669	37.511
2826056000	인천광역시 서구 석남2동	126.658	37.504
2826056100	인천광역시 서구 석남3동	126.682	37.506
2826057500	인천광역시 서구 신현원창동	126.64	37.511
2826058000	인천광역시 서구 가좌1동	126.666	37.487
2826059000	인천광역시 서구 가좌2동	126.688	37.495
2826060000	인천광역시 서구 가좌3동	126.678	37.489
2826061000	인천광역시 서구 가좌4동	126.69	37.486
2826062000	인천광역시 서구 검단동	126.65	37.614
2826063000	인천광역시 서구 검단1동	126.65	37.614
2826064000	인천광역시 서구 검단2동	126.679	37.618
2826065000	인천광역시 서구 검단3동	126.707	37.592
2826066000	인천광역시 서구 검단4동	126.677	37.591
2826067000	인천광역시 서구 검단5동	126.639	37.587
2826068000	인천광역시 서구 검단동	126.65	37.614
2826069000	인천광역시 서구 불로대곡동	126.679	37.618
2826070000	인천광역시 서구 원당동	126.707	37.592
2826071000	인천광역시 서구 당하동	126.677	37.591
2826072000	인천광역시 서구 오류왕길동	126.639	37.587
2826073000	인천광역시 서구 마전동	126.677	37.588
2826074000	인천광역시 서구 아라동	126.712	37.591
2871000000	인천광역시 강화군	126.437	37.707
2871025000	인천광역시 강화군 강화읍	126.498	37.76
2871031000	인천광역시 강화군 선원면	126.491	37.714
2871032000	인천광역시 강화군 불은면	126.485	37.682
2871033000	인천광역시 강화군 길상면	126.504	37.626
2871034000	인천광역시 강화군 화도면	126.421	37.62
2871035000	인천광역시 강화군 양도면	126.434	37.674
2871036000	인천광역시 강화군 내가면	126.391	37.719
2871037000	인천광역시 강화군 하점면	126.4	37.765
2871038000	인천광역시 강화군 양사면	126.405	37.804
2871039000	인천광역시 강화군 송해면	126.464	37.779
2871040000	인천광역시 강화군 교동면	126.272	37.785
2871041000	인천광역시 강화군 삼산면	126.32	37.698
2871042000	인천광역시 강화군 서도면	126.181	37.672
2871042500	인천광역시 강화군 서도면볼음출장소	126.192	37.671
2872000000	인천광역시 옹진군	124.67	37.949
2872031000	인천광역시 옹진군 북도면	126.452	37.528
2872031500	인천광역시 옹진군 북도면장봉출장소	126.338	37.534
2872033000	인천광역시 옹진군 백령면	124.67	37.95
2872034000	인천광역시 옹진군 대청면	124.7	37.824
2872034500	인천광역시 옹진군 대청면소청출장소	124.752	37.771
2872035000	인천광역시 옹진군 덕적면	126.126	37.235
2872036000	인천광역시 옹진군 영흥면	126.461	37.256
2872037000	인천광역시 옹진군 자월면	126.306	37.258
2872037500	인천광역시 옹진군 자월면이작출장소	126.261	37.167
2872038000	인천광역시 옹진군 연평면	125.698	37.666
2900000000	광주광역시	126.841	35.15
2911000000	광주광역시 동구	126.957	35.119
2911052500	광주광역시 동구 충장동	126.915	35.151
2911054500	광주광역시 동구 동명동	126.926	35.151
2911056000	광주광역시 동구 계림1동	126.917	35.16
2911057000	광주광역시 동구 계림2동	126.924	35.16
2911059000	광주광역시 동구 산수1동	126.929	35.157
2911060000	광주광역시 동구 산수2동	126.939	35.157
2911062000	광주광역시 동구 지산1동	126.932	35.149
2911063000	광주광역시 동구 지산2동	126.943	35.148
2911065500	광주광역시 동구 서남동	126.93	35.143
2911068000	광주광역시 동구 학1동	126.927	35.136
2911068500	광주광역시 동구 학동	126.927	35.136
2911069000	광주광역시 동구 학2동	126.927	35.136
2911071000	광주광역시 동구 학운동	126.967	35.128
2911072000	광주광역시 동구 지원동	126.937	35.128
2911073000	광주광역시 동구 지원1동	126.937	35.128
2911074000	광주광역시 동구 지원2동	126.953	35.099
2914000000	광주광역시 서구	126.854	35.135
2914057500	광주광역시 서구 양동	126.901	35.152
2914059000	광주광역시 서구 양3동	126.896	35.158
2914065000	광주광역시 서구 농성1동	126.889	35.156
2914066000	광주광역시 서구 농성2동	126.888	35.15
2914073000	광주광역시 서구 광천동	126.882	35.165
2914074000	광주광역시 서구 유덕동	126.851	35.164
2914074500	광주광역시 서구 치평동	126.845	35.152
2914075100	광주광역시 서구 상무1동	126.862	35.156
2914075200	광주광역시 서구 상무2동	126.861	35.146
2914076000	광주광역시 서구 화정1동	126.877	35.155
2914077000	광주광역시 서구 화정2동	126.882	35.145
2914078000	광주광역시 서구 화정3동	126.876	35.144
2914079000	광주광역시 서구 화정4동	126.87	35.14
2914080000	광주광역시 서구 서창동	126.838	35.121
2914081000	광주광역시 서구 금호풍암동	126.871	35.126
2914082000	광주광역시 서구 금호동	126.855	35.136
2914082100	광주광역시 서구 금호1동	126.855	35.136
2914082400	광주광역시 서구 금호2동	126.858	35.127
2914083000	광주광역시 서구 풍암동	126.876	35.124
2914084000	광주광역시 서구 동천동	126.863	35.172
2915500000	광주광역시 남구	126.878	35.103
2915551000	광주광역시 남구 양림동	126.915	35.138
2915552000	광주광역시 남구 방림1동	126.915	35.134
2915553000	광주광역시 남구 방림2동	126.922	35.13
2915553700	광주광역시 남구 봉선1동	126.909	35.13
2915553800	광주광역시 남구 봉선2동	126.913	35.122
2915554500	광주광역시 남구 사직동	126.909	35.144
2915560500	광주광역시 남구 월산동	126.9	35.146
2915563000	광주광역시 남구 월산4동	126.891	35.146
2915564000	광주광역시 남구 월산5동	126.894	35.141
2915567000	광주광역시 남구 백운1동	126.906	35.14
2915568000	광주광역시 남구 백운2동	126.901	35.137
2915569000	광주광역시 남구 주월1동	126.896	35.128
2915570000	광주광역시 남구 주월2동	126.892	35.137
2915570500	광주광역시 남구 진월동	126.901	35.115
2915571000	광주광역시 남구 효덕동	126.901	35.103
2915572000	광주광역시 남구 송암동	126.874	35.106
2915573000	광주광역시 남구 대촌동	126.836	35.08
2917000000	광주광역시 북구	126.911	35.187
2917051000	광주광역시 북구 중흥1동	126.911	35.162
2917052000	광주광역시 북구 중흥2동	126.91	35.17
2917053000	광주광역시 북구 중흥3동	126.917	35.171
2917053500	광주광역시 북구 중흥동	126.912	35.171
2917055500	광주광역시 북구 중앙동	126.908	35.157
2917057000	광주광역시 북구 임동	126.894	35.163
2917058000	광주광역시 북구 신안동	126.899	35.168
2917059000	광주광역시 북구 용봉동	126.901	35.179
2917060100	광주광역시 북구 운암1동	126.874	35.176
2917060200	광주광역시 북구 운암2동	126.884	35.177
2917060300	광주광역시 북구 운암3동	126.876	35.184
2917061500	광주광역시 북구 동림동	126.862	35.182
2917062000	광주광역시 북구 우산동	126.922	35.174
2917063500	광주광역시 북구 풍향동	126.925	35.165
2917065000	광주광역시 북구 문화동	126.94	35.183
2917065600	광주광역시 북구 문흥1동	126.928	35.192
2917065700	광주광역시 북구 문흥2동	126.916	35.181
2917066100	광주광역시 북구 두암1동	126.928	35.169
2917066200	광주광역시 북구 두암2동	126.937	35.175
2917066300	광주광역시 북구 두암3동	126.94	35.165
2917066600	광주광역시 북구 삼각동	126.914	35.203
2917066900	광주광역시 북구 일곡동	126.895	35.211
2917067000	광주광역시 북구 서산동	126.914	35.203
2917067300	광주광역시 북구 매곡동	126.889	35.192
2917067600	광주광역시 북구 오치1동	126.913	35.189
2917067700	광주광역시 북구 오치2동	126.902	35.189
2917068500	광주광역시 북구 석곡동	126.985	35.177
2917069500	광주광역시 북구 건국동	126.886	35.233
2917069600	광주광역시 북구 양산동	126.874	35.202
2917069700	광주광역시 북구 신용동	126.864	35.214
2920000000	광주광역시 광산구	126.739	35.164
2920051500	광주광역시 광산구 송정1동	126.805	35.135
2920052500	광주광역시 광산구 송정2동	126.795	35.137
2920054000	광주광역시 광산구 도산동	126.792	35.118
2920055000	광주광역시 광산구 신흥동	126.815	35.131
2920056500	광주광역시 광산구 어룡동	126.765	35.162
2920058000	광주광역시 광산구 우산동	126.815	35.155
2920060000	광주광역시 광산구 월곡1동	126.814	35.168
2920061000	광주광역시 광산구 월곡2동	126.806	35.171
2920062000	광주광역시 광산구 비아동	126.821	35.215
2920062400	광주광역시 광산구 첨단1동	126.836	35.223
2920062500	광주광역시 광산구 비아첨단지소	126.836	35.223
2920062600	광주광역시 광산구 첨단2동	126.844	35.207
2920062700	광주광역시 광산구 첨단동	126.842	35.214
2920063000	광주광역시 광산구 신가동	126.834	35.184
2920063500	광주광역시 광산구 운남동	126.826	35.171
2920063700	광주광역시 광산구 수완동	126.821	35.191
2920064000	광주광역시 광산구 하남동	126.798	35.194
2920065000	광주광역시 광산구 임곡동	126.749	35.215
2920066000	광주광역시 광산구 동곡동	126.776	35.098
2920067000	광주광역시 광산구 평동	126.742	35.127
2920068000	광주광역시 광산구 삼도동	126.678	35.138
2920069000	광주광역시 광산구 본량동	126.703	35.189
2920070000	광주광역시 광산구 신창동	126.846	35.192
3000000000	대전광역시	127.397	36.337
3011000000	대전광역시 동구	127.469	36.314
3011051500	대전광역시 동구 중앙동	127.434	36.331
3011052000	대전광역시 동구 인동	127.441	36.323
3011053000	대전광역시 동구 효동	127.455	36.31
3011054000	대전광역시 동구 신흥동	127.441	36.323
3011054500	대전광역시 동구 신인동	127.441	36.323
3011055100	대전광역시 동구 판암1동	127.466	36.317
3011055200	대전광역시 동구 판암2동	127.455	36.321
3011056000	대전광역시 동구 용운동	127.462	36.333
3011057500	대전광역시 동구 대신동	127.44	36.33
3011058500	대전광역시 동구 대동	127.445	36.329
3011059000	대전광역시 동구 자양동	127.45	36.338
3011061000	대전광역시 동구 소제동	127.434	36.331
3011062000	대전광역시 동구 가양1동	127.443	36.343
3011063000	대전광역시 동구 가양2동	127.454	36.348
3011064000	대전광역시 동구 용전동	127.434	36.354
3011065000	대전광역시 동구 성남1동	127.433	36.344
3011066000	대전광역시 동구 성남2동	127.433	36.344
3011066500	대전광역시 동구 성남동	127.433	36.344
3011067000	대전광역시 동구 홍도동	127.426	36.348
3011068000	대전광역시 동구 삼성1동	127.425	36.339
3011069000	대전광역시 동구 삼성2동	127.425	36.339
3011069500	대전광역시 동구 삼성동	127.425	36.339
3011072500	대전광역시 동구 대청동	127.493	36.367
3011074000	대전광역시 동구 산내동	127.463	36.249
3014000000	대전광역시 중구	127.402	36.278
3014053500	대전광역시 중구 은행선화동	127.421	36.331
3014055000	대전광역시 중구 목동	127.41	36.333
3014056000	대전광역시 중구 중촌동	127.408	36.342
3014057500	대전광역시 중구 대흥동	127.424	36.323
3014060500	대전광역시 중구 문창동	127.436	36.318
3014062000	대전광역시 중구 석교동	127.441	36.302
3014063000	대전광역시 중구 대사동	127.422	36.309
3014064000	대전광역시 중구 부사동	127.433	36.312
3014065500	대전광역시 중구 용두동	127.406	36.33
3014067000	대전광역시 중구 오류동	127.405	36.326
3014068000	대전광역시 중구 태평1동	127.398	36.328
3014069000	대전광역시 중구 태평2동	127.392	36.325
3014070000	대전광역시 중구 유천1동	127.393	36.316
3014071000	대전광역시 중구 유천2동	127.4	36.318
3014072000	대전광역시 중구 문화1동	127.412	36.31
3014073000	대전광역시 중구 문화2동	127.402	36.308
3014074000	대전광역시 중구 산성동	127.41	36.261
3017000000	대전광역시 서구	127.341	36.279
3017051000	대전광역시 서구 복수동	127.377	36.302
3017052000	대전광역시 서구 도마1동	127.382	36.319
3017053000	대전광역시 서구 도마2동	127.365	36.321
3017053500	대전광역시 서구 정림동	127.366	36.292
3017054000	대전광역시 서구 변동	127.38	36.328
3017055000	대전광역시 서구 용문동	127.396	36.338
3017055500	대전광역시 서구 탄방동	127.39	36.344
3017056000	대전광역시 서구 괴정동	127.379	36.338
3017057000	대전광역시 서구 가장동	127.389	36.331
3017057500	대전광역시 서구 내동	127.378	36.334
3017058100	대전광역시 서구 갈마1동	127.366	36.348
3017058200	대전광역시 서구 갈마2동	127.374	36.347
3017058600	대전광역시 서구 월평1동	127.356	36.343
3017058700	대전광역시 서구 월평2동	127.377	36.361
3017058800	대전광역시 서구 월평3동	127.367	36.361
3017059000	대전광역시 서구 가수원동	127.353	36.304
3017059300	대전광역시 서구 도안동	127.348	36.318
3017059500	대전광역시 서구 관저동	127.339	36.308
3017059600	대전광역시 서구 관저1동	127.339	36.308
3017059700	대전광역시 서구 관저2동	127.333	36.291
3017060000	대전광역시 서구 기성동	127.324	36.235
3017061000	대전광역시 서구 삼천동	127.399	36.353
3017063000	대전광역시 서구 둔산1동	127.39	36.353
3017064000	대전광역시 서구 둔산2동	127.379	36.355
3017065000	대전광역시 서구 만년동	127.383	36.369
3017066000	대전광역시 서구 둔산3동	127.399	36.353
3020000000	대전광역시 유성구	127.345	36.382
3020052000	대전광역시 유성구 진잠동	127.296	36.305
3020052600	대전광역시 유성구 학하동	127.296	36.342
3020052700	대전광역시 유성구 상대동	127.328	36.34
3020053000	대전광역시 유성구 온천1동	127.309	36.349
3020054000	대전광역시 유성구 온천2동	127.352	36.369
3020054500	대전광역시 유성구 노은동	127.305	36.37
3020054600	대전광역시 유성구 노은1동	127.305	36.37
3020054700	대전광역시 유성구 노은2동	127.321	36.39
3020054800	대전광역시 유성구 노은3동	127.308	36.387
3020055000	대전광역시 유성구 신성동	127.356	36.404
3020057000	대전광역시 유성구 전민동	127.396	36.394
3020058000	대전광역시 유성구 구즉동	127.379	36.461
3020059000	대전광역시 유성구 관평테크노동	127.397	36.423
3020060000	대전광역시 유성구 관평동	127.397	36.423
3020061000	대전광역시 유성구 원신흥동	127.338	36.343
3023000000	대전광역시 대덕구	127.442	36.411
3023051000	대전광역시 대덕구 오정동	127.416	36.354
3023052000	대전광역시 대덕구 대화동	127.407	36.37
3023052500	대전광역시 대덕구 회덕동	127.434	36.399
3023053000	대전광역시 대덕구 회덕1동	127.434	36.399
3023053300	대전광역시 대덕구 비래동	127.454	36.366
3023054000	대전광역시 대덕구 회덕2동	127.454	36.366
3023054300	대전광역시 대덕구 송촌동	127.443	36.364
3023054600	대전광역시 대덕구 중리동	127.427	36.361
3023055000	대전광역시 대덕구 신탄진동	127.462	36.441
3023056000	대전광역시 대덕구 석봉동	127.423	36.45
3023057000	대전광역시 대덕구 덕암동	127.429	36.431
3023058000	대전광역시 대덕구 목상동	127.404	36.439
3023060000	대전광역시 대덕구 법1동	127.426	36.371
3023061000	대전광역시 대덕구 법2동	127.436	36.374
3100000000	울산광역시	129.275	35.538
3111000000	울산광역시 중구	129.307	35.571
3111051000	울산광역시 중구 학성동	129.336	35.555
3111052000	울산광역시 중구 반구1동	129.346	35.555
3111053000	울산광역시 중구 반구2동	129.339	35.562
3111054000	울산광역시 중구 복산1동	129.325	35.565
3111055000	울산광역시 중구 복산2동	129.332	35.565
3111055500	울산광역시 중구 복산동	129.328	35.565
3111056000	울산광역시 중구 북정동	129.312	35.576
3111057000	울산광역시 중구 옥교동	129.327	35.555
3111058000	울산광역시 중구 성남동	129.322	35.556
3111058500	울산광역시 중구 중앙동	129.322	35.556
3111059000	울산광역시 중구 우정동	129.309	35.563
3111060000	울산광역시 중구 태화동	129.297	35.562
3111061000	울산광역시 중구 다운동	129.27	35.568
3111062000	울산광역시 중구 병영1동	129.348	35.568
3111063000	울산광역시 중구 병영2동	129.339	35.585
3111064000	울산광역시 중구 약사동	129.331	35.581
3111065000	울산광역시 중구 성안동	129.306	35.578
3114000000	울산광역시 남구	129.34	35.507
3114051000	울산광역시 남구 신정1동	129.302	35.545
3114052000	울산광역시 남구 신정2동	129.303	35.529
3114053000	울산광역시 남구 신정3동	129.314	35.545
3114054000	울산광역시 남구 신정4동	129.315	35.528
3114055000	울산광역시 남구 신정5동	129.321	35.546
3114056000	울산광역시 남구 달동	129.321	35.536
3114057000	울산광역시 남구 삼산동	129.344	35.541
3114058000	울산광역시 남구 무거1동	129.255	35.544
3114058500	울산광역시 남구 삼호동	129.276	35.549
3114059000	울산광역시 남구 무거2동	129.255	35.544
3114059500	울산광역시 남구 무거동	129.255	35.544
3114060000	울산광역시 남구 옥동	129.29	35.521
3114061500	울산광역시 남구 야음1장생포동	129.359	35.522
3114062000	울산광역시 남구 야음2동	129.327	35.526
3114062500	울산광역시 남구 대현동	129.327	35.526
3114063000	울산광역시 남구 야음3동	129.318	35.524
3114063500	울산광역시 남구 수암동	129.319	35.524
3114064000	울산광역시 남구 선암동	129.354	35.489
3114067000	울산광역시 남구 야음장생포동	129.359	35.522
3117000000	울산광역시 동구	129.425	35.522
3117051000	울산광역시 동구 방어동	129.419	35.487
3117052000	울산광역시 동구 일산동	129.43	35.496
3117053000	울산광역시 동구 화정동	129.421	35.494
3117054000	울산광역시 동구 대송동	129.405	35.508
3117055000	울산광역시 동구 전하1동	129.436	35.527
3117056000	울산광역시 동구 전하2동	129.425	35.509
3117057000	울산광역시 동구 전하3동	129.425	35.509
3117058000	울산광역시 동구 남목1동	129.415	35.537
3117059000	울산광역시 동구 남목2동	129.422	35.529
3117060000	울산광역시 동구 남목3동	129.435	35.554
3120000000	울산광역시 북구	129.398	35.598
3120051000	울산광역시 북구 농소1동	129.365	35.636
3120052000	울산광역시 북구 농소2동	129.352	35.656
3120053000	울산광역시 북구 농소3동	129.322	35.629
3120054000	울산광역시 북구 강동동	129.42	35.616
3120056000	울산광역시 북구 효문동	129.371	35.564
3120057000	울산광역시 북구 송정동	129.373	35.594
3120058000	울산광역시 북구 양정동	129.386	35.55
3120059000	울산광역시 북구 염포동	129.398	35.538
3171000000	울산광역시 울주군	129.141	35.527
3171025000	울산광역시 울주군 온산읍	129.327	35.432
3171025300	울산광역시 울주군 언양읍	129.158	35.585
3171025600	울산광역시 울주군 온양읍	129.26	35.419
3171025900	울산광역시 울주군 범서읍	129.246	35.597
3171026200	울산광역시 울주군 청량읍	129.27	35.494
3171026500	울산광역시 울주군 삼남읍	129.089	35.531
3171031000	울산광역시 울주군 서생면	129.319	35.367
3171033000	울산광역시 울주군 청량면	129.27	35.494
3171034000	울산광역시 울주군 웅촌면	129.203	35.472
3171036000	울산광역시 울주군 두동면	129.22	35.664
3171037000	울산광역시 울주군 두서면	129.144	35.667
3171038000	울산광역시 울주군 상북면	129.064	35.608
3171039000	울산광역시 울주군 삼남면	129.089	35.531
3171040000	울산광역시 울주군 삼동면	129.146	35.501
3600000000	세종특별자치시	127.257	36.505
3611000000	세종특별자치시	127.257	36.505
3611025000	세종특별자치시 조치원읍	127.286	36.608
3611031000	세종특별자치시 연기면	127.294	36.508
3611032000	세종특별자치시 연동면	127.327	36.551
3611033000	세종특별자치시 부강면	127.383	36.529
3611034000	세종특별자치시 금남면	127.314	36.463
3611035000	세종특별자치시 장군면	127.201	36.507
3611036000	세종특별자치시 연서면	127.24	36.584
3611037000	세종특별자치시 전의면	127.18	36.655
3611038000	세종특별자치시 전동면	127.249	36.656
3611039000	세종특별자치시 소정면	127.169	36.711
3611051000	세종특별자치시 한솔동	127.257	36.482
3611051500	세종특별자치시 새롬동	127.253	36.49
3611051800	세종특별자치시 세종특별자치시 나성동	127.285	36.495
3611052000	세종특별자치시 도담동	127.262	36.516
3611052300	세종특별자치시 세종특별자치시 어진동	127.264	36.501
3611052500	세종특별자치시 해밀동	127.257	36.532
3611053000	세종특별자치시 아름동	127.251	36.517
3611054000	세종특별자치시 종촌동	127.247	36.505
3611055000	세종특별자치시 고운동	127.233	36.517
3611055500	세종특별자치시 소담동	127.308	36.49
3611055600	세종특별자치시 반곡동	127.319	36.496
3611056000	세종특별자치시 보람동	127.291	36.478
3611057000	세종특별자치시 대평동	127.275	36.471
3611058000	세종특별자치시  다정동	127.247	36.494
4100000000	경기도	127.464	37.45
4111100000	경기도 수원시 장안구	127.004	37.318
4111153000	경기도 수원시 장안구 신안동	127.015	37.28
4111154000	경기도 수원시 장안구 화서1동	127.002	37.28
4111155000	경기도 수원시 장안구 화서2동	126.991	37.283
4111156000	경기도 수원시 장안구 파장동	126.988	37.321
4111156600	경기도 수원시 장안구 율천동	126.968	37.301
4111157100	경기도 수원시 장안구 정자1동	126.988	37.306
4111157200	경기도 수원시 장안구 정자2동	126.998	37.292
4111157300	경기도 수원시 장안구 정자3동	126.988	37.298
4111158000	경기도 수원시 장안구 영화동	127.014	37.292
4111159100	경기도 수원시 장안구 송죽동	127.003	37.307
4111159600	경기도 수원시 장안구 조원동	127.016	37.3
4111159700	경기도 수원시 장안구 조원1동	127.016	37.3
4111159800	경기도 수원시 장안구 조원2동	127.015	37.309
4111160000	경기도 수원시 장안구 연무동	127.023	37.319
4111300000	경기도 수원시 권선구	126.965	37.264
4111351000	경기도 수원시 권선구 매교동	127.015	37.27
4111352000	경기도 수원시 권선구 세류1동	127.006	37.261
4111353000	경기도 수원시 권선구 세류2동	127.01	37.244
4111354000	경기도 수원시 권선구 세류3동	127.013	37.26
4111355000	경기도 수원시 권선구 평동	126.979	37.246
4111356000	경기도 수원시 권선구 서둔동	126.981	37.27
4111357000	경기도 수원시 권선구 매산동	127.009	37.27
4111358000	경기도 수원시 권선구 고등동	127.002	37.275
4111361500	경기도 수원시 권선구 권선동	127.024	37.258
4111361600	경기도 수원시 권선구 권선1동	127.024	37.258
4111361700	경기도 수원시 권선구 권선2동	127.025	37.245
4111362000	경기도 수원시 권선구 곡선동	127.032	37.239
4111363000	경기도 수원시 권선구 구운동	126.97	37.281
4111363500	경기도 수원시 권선구 금호동	126.948	37.268
4111364000	경기도 수원시 권선구 입북동	126.95	37.29
4111365000	경기도 수원시 권선구 구운동	126.97	37.281
4111366000	경기도 수원시 권선구 금호동	126.948	37.268
4111366200	경기도 수원시 권선구 금곡동	126.948	37.274
4111366400	경기도 수원시 권선구 호매실동	126.956	37.263
4111367000	경기도 수원시 권선구 권선1동	127.024	37.258
4111368000	경기도 수원시 권선구 권선2동	127.025	37.245
4111369000	경기도 수원시 권선구 곡선동	127.032	37.239
4111370000	경기도 수원시 권선구 입북동	126.95	37.29
4111500000	경기도 수원시 팔달구	127.016	37.275
4111551000	경기도 수원시 팔달구 팔달동	127.015	37.28
4111552000	경기도 수원시 팔달구 남향동	127.015	37.28
4111553000	경기도 수원시 팔달구 지동	127.026	37.282
4111554100	경기도 수원시 팔달구 우만1동	127.033	37.286
4111554200	경기도 수원시 팔달구 우만2동	127.038	37.28
4111555000	경기도 수원시 팔달구 이의동	127.047	37.29
4111556000	경기도 수원시 팔달구 인계동	127.026	37.267
4111557000	경기도 수원시 팔달구 매탄1동	127.04	37.271
4111558000	경기도 수원시 팔달구 매탄2동	127.051	37.27
4111559000	경기도 수원시 팔달구 매탄3동	127.05	37.257
4111559100	경기도 수원시 팔달구 매탄4동	127.05	37.266
4111559500	경기도 수원시 팔달구 태장동	127.051	37.238
4111560000	경기도 수원시 팔달구 원천동	127.061	37.272
4111562000	경기도 수원시 팔달구 영통1동	127.074	37.259
4111563000	경기도 수원시 팔달구 영통2동	127.066	37.251
4111564000	경기도 수원시 팔달구 신안동	127.015	37.28
4111565000	경기도 수원시 팔달구 매교동	127.015	37.27
4111566000	경기도 수원시 팔달구 매산동	127.009	37.27
4111567000	경기도 수원시 팔달구 고등동	127.002	37.275
4111568000	경기도 수원시 팔달구 화서1동	127.001	37.28
4111569000	경기도 수원시 팔달구 화서2동	126.991	37.283
4111570000	경기도 수원시 팔달구 지동	127.026	37.282
4111571000	경기도 수원시 팔달구 우만1동	127.033	37.286
4111572000	경기도 수원시 팔달구 우만2동	127.038	37.28
4111573000	경기도 수원시 팔달구 인계동	127.026	37.267
4111574000	경기도 수원시 팔달구 행궁동	127.015	37.28
4111700000	경기도 수원시 영통구	127.056	37.277
4111751000	경기도 수원시 영통구 매탄1동	127.04	37.271
4111752000	경기도 수원시 영통구 매탄2동	127.051	37.27
4111753000	경기도 수원시 영통구 매탄3동	127.05	37.257
4111754000	경기도 수원시 영통구 매탄4동	127.05	37.266
4111755000	경기도 수원시 영통구 원천동	127.061	37.272
4111756000	경기도 수원시 영통구 이의동	127.061	37.272
4111756500	경기도 수원시 영통구 광교동	127.047	37.29
4111757000	경기도 수원시 영통구 영통1동	127.074	37.259
4111758000	경기도 수원시 영통구 영통2동	127.066	37.251
4111758500	경기도 수원시 영통구 영통3동	127.072	37.251
4111759000	경기도 수원시 영통구 태장동	127.054	37.242
4111759300	경기도 수원시 영통구 망포1동	127.057	37.239
4111759600	경기도 수원시 영통구 망포2동	127.048	37.24
4111760000	경기도 수원시 영통구 광교1동	127.047	37.29
4111761000	경기도 수원시 영통구 광교2동	127.07	37.292
4113100000	경기도 성남시 수정구	127.105	37.436
4113151000	경기도 성남시 수정구 신흥1동	127.14	37.441
4113152000	경기도 성남시 수정구 신흥2동	127.148	37.45
4113153000	경기도 성남시 수정구 신흥3동	127.147	37.443
4113154000	경기도 성남시 수정구 태평1동	127.123	37.446
4113155000	경기도 성남시 수정구 태평2동	127.136	37.448
4113156000	경기도 성남시 수정구 태평3동	127.132	37.446
4113156100	경기도 성남시 수정구 태평4동	127.141	37.448
4113157000	경기도 성남시 수정구 수진1동	127.136	37.438
4113158000	경기도 성남시 수정구 수진2동	127.126	37.437
4113159000	경기도 성남시 수정구 단대동	127.158	37.455
4113160000	경기도 성남시 수정구 산성동	127.153	37.457
4113161000	경기도 성남시 수정구 양지동	127.165	37.463
4113162000	경기도 성남시 수정구 복정동	127.135	37.462
4113162500	경기도 성남시 수정구 위례동	127.153	37.472
4113163000	경기도 성남시 수정구 신촌동	127.103	37.451
4113164000	경기도 성남시 수정구 고등동	127.092	37.429
4113165000	경기도 성남시 수정구 시흥동	127.083	37.413
4113300000	경기도 성남시 중원구	127.17	37.44
4113351000	경기도 성남시 중원구 성남동	127.131	37.431
4113352000	경기도 성남시 중원구 중동	127.152	37.44
4113352500	경기도 성남시 중원구 중앙동	127.152	37.44
4113353000	경기도 성남시 중원구 금광1동	127.166	37.444
4113354000	경기도 성남시 중원구 금광2동	127.168	37.45
4113355000	경기도 성남시 중원구 은행1동	127.167	37.452
4113356000	경기도 성남시 중원구 은행2동	127.176	37.463
4113357000	경기도 성남시 중원구 상대원1동	127.182	37.442
4113358000	경기도 성남시 중원구 상대원2동	127.157	37.435
4113359000	경기도 성남시 중원구 상대원3동	127.163	37.439
4113366000	경기도 성남시 중원구 하대원동	127.15	37.429
4113367000	경기도 성남시 중원구 도촌동	127.153	37.419
4113500000	경기도 성남시 분당구	127.094	37.375
4113551000	경기도 성남시 분당구 분당동	127.144	37.369
4113552000	경기도 성남시 분당구 수내1동	127.115	37.379
4113553000	경기도 성남시 분당구 수내2동	127.126	37.375
4113554000	경기도 성남시 분당구 수내3동	127.129	37.365
4113554500	경기도 성남시 분당구 정자동	127.111	37.361
4113555000	경기도 성남시 분당구 정자1동	127.106	37.363
4113556000	경기도 성남시 분당구 정자2동	127.118	37.368
4113557000	경기도 성남시 분당구 정자3동	127.122	37.358
4113558000	경기도 성남시 분당구 서현1동	127.148	37.385
4113559000	경기도 성남시 분당구 서현2동	127.137	37.375
4113560000	경기도 성남시 분당구 이매1동	127.135	37.396
4113561000	경기도 성남시 분당구 이매2동	127.122	37.398
4113562000	경기도 성남시 분당구 야탑1동	127.126	37.413
4113563000	경기도 성남시 분당구 야탑2동	127.127	37.408
4113564000	경기도 성남시 분당구 야탑3동	127.15	37.406
4113565000	경기도 성남시 분당구 판교동	127.094	37.389
4113565500	경기도 성남시 분당구 삼평동	127.11	37.401
4113565700	경기도 성남시 분당구 백현동	127.109	37.386
4113566000	경기도 성남시 분당구 금곡동	127.095	37.362
4113566100	경기도 성남시 분당구 금곡1동	127.095	37.362
4113566200	경기도 성남시 분당구 금곡동	127.095	37.362
4113566400	경기도 성남시 분당구 금곡2동	127.085	37.354
4113566500	경기도 성남시 분당구 구미1동	127.085	37.354
4113567000	경기도 성남시 분당구 구미동	127.123	37.343
4113568000	경기도 성남시 분당구 운중동	127.054	37.379
4115000000	경기도 의정부시	127.066	37.733
4115051000	경기도 의정부시 의정부1동	127.048	37.748
4115052000	경기도 의정부시 의정부2동	127.037	37.737
4115053000	경기도 의정부시 의정부3동	127.05	37.733
4115054500	경기도 의정부시 호원1동	127.036	37.709
4115055000	경기도 의정부시 호원동	127.036	37.709
4115055500	경기도 의정부시 호원2동	127.031	37.72
4115056100	경기도 의정부시 장암동	127.065	37.707
4115056700	경기도 의정부시 신곡1동	127.063	37.731
4115056800	경기도 의정부시 신곡2동	127.068	37.745
4115057000	경기도 의정부시 송산동	127.1	37.727
4115057300	경기도 의정부시 송산1동	127.1	37.727
4115057600	경기도 의정부시 송산2동	127.113	37.751
4115057800	경기도 의정부시 송산3동	127.123	37.756
4115058000	경기도 의정부시 자금동	127.081	37.762
4115059000	경기도 의정부시 가능1동	127.023	37.753
4115059500	경기도 의정부시 가능동	127.023	37.753
4115060000	경기도 의정부시 가능2동	127.035	37.743
4115061000	경기도 의정부시 가능3동	127.016	37.734
4115061500	경기도 의정부시 흥선동	127.017	37.735
4115062000	경기도 의정부시 녹양동	127.031	37.761
4115063000	경기도 의정부시 고산동	127.106	37.724
4117100000	경기도 안양시 만안구	126.903	37.404
4117151000	경기도 안양시 만안구 안양1동	126.925	37.399
4117152000	경기도 안양시 만안구 안양2동	126.92	37.41
4117153000	경기도 안양시 만안구 안양3동	126.91	37.397
4117154000	경기도 안양시 만안구 안양4동	126.919	37.397
4117155000	경기도 안양시 만안구 안양5동	126.922	37.392
4117156000	경기도 안양시 만안구 안양6동	126.925	37.386
4117157000	경기도 안양시 만안구 안양7동	126.938	37.387
4117158000	경기도 안양시 만안구 안양8동	126.93	37.381
4117158100	경기도 안양시 만안구 안양9동	126.904	37.376
4117159000	경기도 안양시 만안구 석수1동	126.926	37.432
4117160000	경기도 안양시 만안구 석수2동	126.9	37.422
4117161000	경기도 안양시 만안구 석수3동	126.897	37.41
4117161100	경기도 안양시 만안구 충훈동	126.897	37.41
4117162100	경기도 안양시 만안구 박달1동	126.909	37.404
4117163000	경기도 안양시 만안구 박달2동	126.891	37.397
4117300000	경기도 안양시 동안구	126.955	37.401
4117351000	경기도 안양시 동안구 비산1동	126.934	37.406
4117352000	경기도 안양시 동안구 비산2동	126.938	37.396
4117353000	경기도 안양시 동안구 비산3동	126.951	37.42
4117354000	경기도 안양시 동안구 부흥동	126.946	37.394
4117354600	경기도 안양시 동안구 달안동	126.951	37.396
4117355000	경기도 안양시 동안구 관양1동	126.966	37.414
4117355200	경기도 안양시 동안구 관양동	126.966	37.416
4117355900	경기도 안양시 동안구 인덕원동	126.972	37.398
4117356000	경기도 안양시 동안구 관양2동	126.972	37.398
4117356600	경기도 안양시 동안구 부림동	126.958	37.396
4117357000	경기도 안양시 동안구 평촌동	126.976	37.392
4117357600	경기도 안양시 동안구 평안동	126.963	37.391
4117357800	경기도 안양시 동안구 귀인동	126.966	37.384
4117358000	경기도 안양시 동안구 호계1동	126.954	37.373
4117359000	경기도 안양시 동안구 호계2동	126.946	37.383
4117360000	경기도 안양시 동안구 호계3동	126.958	37.367
4117361000	경기도 안양시 동안구 범계동	126.954	37.388
4117362000	경기도 안양시 동안구 신촌동	126.958	37.381
4117363000	경기도 안양시 동안구 갈산동	126.964	37.377
4119000000	경기도 부천시	126.783	37.506
4119051000	경기도 부천시 심곡2동	126.783	37.487
4119052000	경기도 부천시 심곡1동	126.783	37.494
4119053000	경기도 부천시 심곡3동	126.775	37.489
4119054000	경기도 부천시 원미2동	126.792	37.49
4119055000	경기도 부천시 소사동	126.795	37.486
4119056000	경기도 부천시 원미1동	126.794	37.496
4119057000	경기도 부천시 역곡1동	126.812	37.492
4119058000	경기도 부천시 역곡2동	126.804	37.488
4119059000	경기도 부천시 춘의동	126.802	37.502
4119060000	경기도 부천시 도당동	126.782	37.514
4119060300	경기도 부천시 심곡동	126.784	37.49
4119060600	경기도 부천시 부천동	126.802	37.502
4119061000	경기도 부천시 중동	126.768	37.491
4119062000	경기도 부천시 상동	126.76	37.492
4119063000	경기도 부천시 상1동	126.751	37.493
4119064000	경기도 부천시 중4동	126.762	37.51
4119065000	경기도 부천시 약대동	126.771	37.512
4119066000	경기도 부천시 중1동	126.767	37.5
4119067000	경기도 부천시 중2동	126.78	37.498
4119068000	경기도 부천시 중3동	126.773	37.508
4119069000	경기도 부천시 상2동	126.745	37.497
4119070000	경기도 부천시 상3동	126.812	37.492
4119071000	경기도 부천시 심곡본동	126.783	37.478
4119072000	경기도 부천시 심곡본1동	126.776	37.478
4119073000	경기도 부천시 송내1동	126.76	37.482
4119074000	경기도 부천시 송내2동	126.769	37.479
4119074200	경기도 부천시 신중동	126.77	37.504
4119074400	경기도 부천시 상동	126.751	37.503
4119074600	경기도 부천시 대산동	126.772	37.48
4119075000	경기도 부천시 소사본동	126.79	37.473
4119076000	경기도 부천시 소사본3동	126.8	37.471
4119077000	경기도 부천시 괴안동	126.807	37.479
4119078000	경기도 부천시 범박동	126.817	37.467
4119079000	경기도 부천시 역곡3동	126.816	37.478
4119079500	경기도 부천시 범안동	126.819	37.475
4119080000	경기도 부천시 성곡동	126.807	37.514
4119081000	경기도 부천시 고강본동	126.822	37.53
4119082000	경기도 부천시 고강1동	126.813	37.532
4119083000	경기도 부천시 오정동	126.777	37.538
4119084000	경기도 부천시 원종1동	126.807	37.529
4119085000	경기도 부천시 원종2동	126.801	37.526
4119086000	경기도 부천시 신흥동	126.77	37.525
4119200000	경기도 부천시 원미구	126.782	37.503
4119251000	경기도 부천시 원미구 심곡1동	126.783	37.494
4119252000	경기도 부천시 원미구 심곡2동	126.783	37.487
4119253000	경기도 부천시 원미구 심곡3동	126.775	37.49
4119254000	경기도 부천시 원미구 원미1동	126.794	37.497
4119255000	경기도 부천시 원미구 원미2동	126.791	37.49
4119256000	경기도 부천시 원미구 소사동	126.795	37.486
4119257000	경기도 부천시 원미구 역곡1동	126.811	37.492
4119258000	경기도 부천시 원미구 역곡2동	126.805	37.488
4119259000	경기도 부천시 원미구 춘의동	126.802	37.502
4119260000	경기도 부천시 원미구 도당동	126.783	37.514
4119261000	경기도 부천시 원미구 약대동	126.77	37.513
4119262000	경기도 부천시 원미구 중동	126.768	37.491
4119263000	경기도 부천시 원미구 중1동	126.767	37.501
4119264000	경기도 부천시 원미구 중2동	126.775	37.497
4119265000	경기도 부천시 원미구 중3동	126.773	37.508
4119266000	경기도 부천시 원미구 중4동	126.762	37.51
4119267000	경기도 부천시 원미구 상동	126.76	37.491
4119268000	경기도 부천시 원미구 상1동	126.751	37.493
4119269000	경기도 부천시 원미구 상2동	126.745	37.497
4119270000	경기도 부천시 원미구 상3동	126.752	37.512
4119400000	경기도 부천시 소사구	126.791	37.474
4119451000	경기도 부천시 소사구 심곡본1동	126.776	37.478
4119452000	경기도 부천시 소사구 심곡본동	126.783	37.479
4119453000	경기도 부천시 소사구 소사본동	126.79	37.473
4119454000	경기도 부천시 소사구 소사본1동	126.8	37.471
4119455000	경기도 부천시 소사구 범박동	126.809	37.469
4119456000	경기도 부천시 소사구 옥길동	126.823	37.468
4119457000	경기도 부천시 소사구 괴안동	126.807	37.479
4119458000	경기도 부천시 소사구 역곡3동	126.814	37.483
4119459000	경기도 부천시 소사구 송내1동	126.76	37.482
4119460000	경기도 부천시 소사구 송내2동	126.769	37.48
4119500000	경기도 부천시 원미구	126.783	37.502
4119551000	경기도 부천시 원미구 심곡1동	126.783	37.494
4119552000	경기도 부천시 원미구 심곡2동	126.783	37.487
4119553000	경기도 부천시 원미구 심곡3동	126.775	37.489
4119554000	경기도 부천시 원미구 원미1동	126.794	37.496
4119555000	경기도 부천시 원미구 원미2동	126.792	37.49
4119556000	경기도 부천시 원미구 소사동	126.795	37.486
4119557000	경기도 부천시 원미구 역곡1동	126.812	37.492
4119558000	경기도 부천시 원미구 역곡2동	126.804	37.488
4119559000	경기도 부천시 원미구 춘의동	126.802	37.502
4119560000	경기도 부천시 원미구 도당동	126.782	37.514
4119561000	경기도 부천시 원미구 약대동	126.771	37.512
4119562000	경기도 부천시 원미구 중동	126.768	37.491
4119563000	경기도 부천시 원미구 중1동	126.767	37.5
4119564000	경기도 부천시 원미구 중2동	126.78	37.498
4119565000	경기도 부천시 원미구 중3동	126.773	37.508
4119566000	경기도 부천시 원미구 중4동	126.762	37.51
4119567000	경기도 부천시 원미구 상동	126.76	37.492
4119568000	경기도 부천시 원미구 상1동	126.751	37.493
4119569000	경기도 부천시 원미구 상2동	126.745	37.497
4119570000	경기도 부천시 원미구 상3동	126.752	37.511
4119600000	경기도 부천시 오정구	126.793	37.53
4119651000	경기도 부천시 오정구 성곡동	126.808	37.514
4119652000	경기도 부천시 오정구 원종1동	126.807	37.529
4119653000	경기도 부천시 오정구 원종2동	126.801	37.526
4119654000	경기도 부천시 오정구 고강본동	126.822	37.529
4119655000	경기도 부천시 오정구 고강1동	126.813	37.531
4119656000	경기도 부천시 오정구 오정동	126.778	37.538
4119657000	경기도 부천시 오정구 신흥동	126.77	37.524
4119700000	경기도 부천시 소사구	126.799	37.474
4119751000	경기도 부천시 소사구 심곡본1동	126.776	37.478
4119752000	경기도 부천시 소사구 심곡본동	126.783	37.478
4119753000	경기도 부천시소사구 소사본1동	126.79	37.473
4119753500	경기도 부천시 소사구 소사본동	126.79	37.473
4119754000	경기도 부천시소사구 소사본2동	126.79	37.473
4119755000	경기도 부천시 소사구 소사본3동	126.8	37.471
4119756000	경기도 부천시 소사구 범박동	126.817	37.467
4119757000	경기도 부천시 소사구 괴안동	126.807	37.479
4119758000	경기도 부천시 소사구 역곡3동	126.816	37.478
4119759000	경기도 부천시 소사구 송내1동	126.76	37.482
4119760000	경기도 부천시 소사구 송내2동	126.769	37.479
4119900000	경기도 부천시 오정구	126.793	37.53
4119951000	경기도 부천시 오정구 성곡동	126.807	37.514
4119952000	경기도 부천시 오정구 원종1동	126.807	37.529
4119953000	경기도 부천시 오정구 원종2동	126.801	37.526
4119954000	경기도 부천시 오정구 고강본동	126.822	37.53
4119955000	경기도 부천시 오정구 고강1동	126.813	37.532
4119956000	경기도 부천시 오정구 오정동	126.777	37.538
4119957000	경기도 부천시 오정구 신흥동	126.77	37.525
4121000000	경기도 광명시	126.867	37.447
4121051000	경기도 광명시 광명1동	126.861	37.488
4121052000	경기도 광명시 광명2동	126.857	37.483
4121054000	경기도 광명시 광명3동	126.858	37.48
4121055000	경기도 광명시 광명4동	126.855	37.478
4121056000	경기도 광명시 광명5동	126.848	37.478
4121057000	경기도 광명시 광명6동	126.837	37.466
4121058000	경기도 광명시 광명7동	126.85	37.466
4121059000	경기도 광명시 철산1동	126.87	37.49
4121060000	경기도 광명시 철산2동	126.867	37.483
4121061000	경기도 광명시 철산3동	126.871	37.476
4121062000	경기도 광명시 철산4동	126.863	37.473
4121063100	경기도 광명시 하안1동	126.868	37.458
4121063200	경기도 광명시 하안2동	126.874	37.465
4121063300	경기도 광명시 하안3동	126.881	37.461
4121063400	경기도 광명시 하안4동	126.88	37.467
4121064000	경기도 광명시 소하1동	126.892	37.444
4121065000	경기도 광명시 소하2동	126.882	37.427
4121065500	경기도 광명시 일직동	126.881	37.421
4121066000	경기도 광명시 학온동	126.854	37.43
4122000000	경기도 평택시	127.005	37.024
4122025000	경기도 평택시 팽성읍	127.041	36.962
4122025300	경기도 평택시 안중읍	126.928	36.989
4122025600	경기도 평택시 포승읍	126.859	36.983
4122025900	경기도 평택시 청북읍	126.933	37.043
4122031000	경기도 평택시 진위면	127.081	37.11
4122032000	경기도 평택시 서탄면	127.019	37.102
4122033000	경기도 평택시 고덕면	127.028	37.034
4122034000	경기도 평택시 오성면	126.997	37.002
4122035000	경기도 평택시 청북면	126.933	37.043
4122036000	경기도 평택시 포승면	126.859	36.983
4122037000	경기도 평택시 현덕면	126.94	36.947
4122038000	경기도 평택시 안중면	126.928	36.989
4122051000	경기도 평택시 중앙동	127.059	37.049
4122052000	경기도 평택시 서정동	127.055	37.071
4122053500	경기도 평택시 송탄동	127.094	37.043
4122055000	경기도 평택시 지산동	127.059	37.077
4122056000	경기도 평택시 송북동	127.074	37.081
4122057000	경기도 평택시 신장1동	127.051	37.088
4122058000	경기도 평택시 신장2동	127.05	37.077
4122059000	경기도 평택시 신평동	127.11	36.98
4122060000	경기도 평택시 원평동	127.078	36.989
4122061000	경기도 평택시 통복동	127.085	36.998
4122062000	경기도 평택시 비전1동	127.117	37.014
4122063000	경기도 평택시 비전2동	127.115	36.994
4122063500	경기도 평택시 용이동	127.14	37.002
4122064000	경기도 평택시 세교동	127.075	37.012
4122065000	경기도 평택시 동삭동	127.095	37.016
4122066000	경기도 평택시 고덕동	127.034	37.046
4125000000	경기도 동두천시	127.066	37.92
4125051000	경기도 동두천시 생연1동	127.067	37.909
4125052000	경기도 동두천시 생연2동	127.05	37.9
4125053500	경기도 동두천시 중앙동	127.054	37.909
4125055000	경기도 동두천시 보산동	127.089	37.927
4125056500	경기도 동두천시 불현동	127.104	37.888
4125056600	경기도 동두천시 송내동	127.062	37.883
4125058000	경기도 동두천시 소요동	127.062	37.949
4125060000	경기도 동두천시 상패동	127.03	37.908
4127000000	경기도 안산시	126.837	37.317
4127051100	경기도 안산시 일동	126.872	37.311
4127051300	경기도 안산시 사1동	126.851	37.3
4127051500	경기도 안산시 사2동	126.841	37.284
4127051700	경기도 안산시 본오1동	126.867	37.283
4127051800	경기도 안산시 본오2동	126.868	37.295
4127051900	경기도 안산시 부곡동	126.87	37.333
4127052100	경기도 안산시 월피동	126.846	37.346
4127052600	경기도 안산시 와동	126.827	37.339
4127053100	경기도 안산시 고잔1동	126.824	37.325
4127053200	경기도 안산시 고잔2동	126.835	37.328
4127053600	경기도 안산시 성포동	126.849	37.322
4127054100	경기도 안산시 원곡본동	126.772	37.33
4127055100	경기도 안산시 원곡1동	126.798	37.323
4127055200	경기도 안산시 원곡2동	126.802	37.329
4127056100	경기도 안산시 초지동	126.77	37.31
4127057100	경기도 안산시 선부1동	126.81	37.332
4127057200	경기도 안산시 선부2동	126.801	37.345
4127057300	경기도 안산시 선부3동	126.82	37.349
4127058000	경기도 안산시 반월동	126.905	37.3
4127059000	경기도 안산시 대부동	126.588	37.258
4127060000	경기도 안산시 안산동	126.875	37.36
4127061000	경기도 안산시 본오3동	126.868	37.301
4127100000	경기도 안산시 상록구	126.858	37.321
4127151000	경기도 안산시 상록구 일동	126.872	37.311
4127151500	경기도 안산시 상록구 이동	126.854	37.309
4127152000	경기도 안산시 상록구 사1동	126.851	37.3
4127152500	경기도 안산시 상록구 사동	126.851	37.3
4127153000	경기도 안산시 상록구 사2동	126.841	37.284
4127153200	경기도 안산시 상록구 사이동	126.841	37.283
4127153500	경기도 안산시 상록구 사3동	126.83	37.297
4127153700	경기도 안산시 상록구 해양동	126.83	37.297
4127154000	경기도 안산시 상록구 본오1동	126.867	37.283
4127155000	경기도 안산시 상록구 본오2동	126.868	37.295
4127156000	경기도 안산시 상록구 본오3동	126.868	37.301
4127157000	경기도 안산시 상록구 부곡동	126.87	37.333
4127158000	경기도 안산시 상록구 월피동	126.846	37.346
4127159000	경기도 안산시 상록구 성포동	126.849	37.322
4127160000	경기도 안산시 상록구 반월동	126.905	37.3
4127161000	경기도 안산시 상록구 안산동	126.875	37.36
4127300000	경기도 안산시 단원구	126.795	37.327
4127351000	경기도 안산시 단원구 와동	126.827	37.339
4127352000	경기도 안산시 단원구 고잔1동	126.824	37.325
4127352500	경기도 안산시 단원구 고잔동	126.824	37.326
4127353000	경기도 안산시 단원구 고잔2동	126.835	37.328
4127353200	경기도 안산시 단원구 중앙동	126.835	37.327
4127353500	경기도 안산시 단원구 호수동	126.832	37.311
4127354000	경기도 안산시 단원구 원곡본동	126.772	37.33
4127354500	경기도 안산시 단원구 원곡동	126.794	37.332
4127355000	경기도 안산시 단원구 원곡1동	126.798	37.323
4127355500	경기도 안산시 단원구 백운동	126.8	37.324
4127356000	경기도 안산시 단원구 원곡2동	126.802	37.329
4127356500	경기도 안산시 단원구 신길동	126.769	37.331
4127357000	경기도 안산시 단원구 초지동	126.77	37.31
4127358000	경기도 안산시 단원구 선부1동	126.81	37.332
4127359000	경기도 안산시 단원구 선부2동	126.801	37.345
4127360000	경기도 안산시 단원구 선부3동	126.82	37.349
4127361000	경기도 안산시 단원구 대부동	126.588	37.258
4128100000	경기도 고양시 덕양구	126.901	37.662
4128151000	경기도 고양시 덕양구 주교동	126.827	37.662
4128152000	경기도 고양시 덕양구 원신동	126.863	37.671
4128153000	경기도 고양시 덕양구 흥도동	126.862	37.634
4128154000	경기도 고양시 덕양구 성사1동	126.844	37.659
4128155000	경기도 고양시 덕양구 성사2동	126.84	37.651
4128156000	경기도 고양시 덕양구 효자동	126.953	37.662
4128157000	경기도 고양시 덕양구 신도동	126.904	37.66
4128157500	경기도 고양시 덕양구 삼송동	126.904	37.66
4128157600	경기도 고양시 덕양구 삼송1동	126.908	37.663
4128157700	경기도 고양시 덕양구 삼송2동	126.874	37.651
4128158000	경기도 고양시 덕양구 창릉동	126.891	37.631
4128159000	경기도 고양시 덕양구 고양동	126.899	37.709
4128160000	경기도 고양시 덕양구 관산동	126.86	37.71
4128161000	경기도 고양시 덕양구 능곡동	126.809	37.63
4128162100	경기도 고양시 덕양구 화정1동	126.833	37.642
4128162200	경기도 고양시 덕양구 화정2동	126.836	37.632
4128163000	경기도 고양시 덕양구 행주동	126.815	37.609
4128164000	경기도 고양시 덕양구 행신1동	126.833	37.622
4128165000	경기도 고양시 덕양구 행신2동	126.844	37.608
4128165500	경기도 고양시 덕양구 행신3동	126.847	37.621
4128165600	경기도 고양시 덕양구 행신4동	126.849	37.62
4128166000	경기도 고양시 덕양구 화전동	126.884	37.603
4128167000	경기도 고양시 덕양구 대덕동	126.855	37.592
4128300000	경기도 고양시 일산구	126.77	37.668
4128351000	경기도 고양시 일산구 식사동	126.814	37.677
4128352000	경기도 고양시 일산구 일산1동	126.767	37.688
4128353000	경기도 고양시 일산구 일산2동	126.775	37.688
4128354000	경기도 고양시 일산구 일산3동	126.767	37.679
4128355000	경기도 고양시 일산구 일산4동	126.775	37.688
4128355500	경기도 고양시 일산구 탄현동	126.77	37.698
4128356000	경기도 고양시 일산구 풍산동	126.801	37.664
4128357000	경기도 고양시 일산구 백석동	126.791	37.647
4128358000	경기도 고양시 일산구 마두1동	126.782	37.661
4128359000	경기도 고양시 일산구 마두2동	126.782	37.654
4128360000	경기도 고양시 일산구 주엽1동	126.766	37.67
4128361000	경기도 고양시 일산구 주엽2동	126.758	37.673
4128362000	경기도 고양시 일산구 장항1동	126.759	37.643
4128363000	경기도 고양시 일산구 장항2동	126.769	37.655
4128364000	경기도 고양시 일산구 대화동	126.746	37.674
4128365000	경기도 고양시 일산구 고봉동	126.81	37.71
4128366000	경기도 고양시 일산구 송포동	126.714	37.665
4128367000	경기도 고양시 일산구 송산동	126.701	37.685
4128500000	경기도 고양시 일산동구	126.805	37.681
4128551000	경기도 고양시 일산동구 식사동	126.814	37.677
4128552000	경기도 고양시 일산동구 중산동	126.786	37.686
4128552500	경기도 고양시 일산동구 중산1동	126.783	37.691
4128552600	경기도 고양시 일산동구 중산2동	126.786	37.681
4128553000	경기도 고양시 일산동구 정발산동	126.779	37.671
4128554000	경기도 고양시 일산동구 풍산동	126.801	37.664
4128555000	경기도 고양시 일산동구 백석동	126.791	37.647
4128555100	경기도 고양시 일산동구 백석1동	126.791	37.647
4128555200	경기도 고양시 일산동구 백석2동	126.784	37.642
4128556000	경기도 고양시 일산동구 마두1동	126.782	37.661
4128557000	경기도 고양시 일산동구 마두2동	126.782	37.653
4128558000	경기도 고양시 일산동구 장항1동	126.759	37.643
4128559000	경기도 고양시 일산동구 장항2동	126.769	37.655
4128560000	경기도 고양시 일산동구 고봉동	126.81	37.71
4128700000	경기도 고양시 일산서구	126.726	37.672
4128751000	경기도 고양시 일산서구 일산1동	126.767	37.688
4128752000	경기도 고양시 일산서구 일산2동	126.775	37.688
4128753000	경기도 고양시 일산서구 일산3동	126.767	37.679
4128754000	경기도 고양시 일산서구 탄현동	126.77	37.698
4128754500	경기도 고양시 일산서구 탄현1동	126.767	37.694
4128754600	경기도 고양시 일산서구 탄현2동	126.77	37.7
4128755000	경기도 고양시 일산서구 주엽1동	126.766	37.67
4128756000	경기도 고양시 일산서구 주엽2동	126.758	37.673
4128757000	경기도 고양시 일산서구 대화동	126.746	37.674
4128758000	경기도 고양시 일산서구 송포동	126.714	37.665
4128759000	경기도 고양시 일산서구 송산동	126.701	37.685
4128760000	경기도 고양시 일산서구 덕이동	126.745	37.696
4128761000	경기도 고양시 일산서구 가좌동	126.698	37.685
4129000000	경기도 과천시	127.004	37.434
4129051000	경기도 과천시 중앙동	126.98	37.434
4129051500	경기도 과천시 원문동	126.984	37.41
4129052000	경기도 과천시 갈현동	126.982	37.413
4129053000	경기도 과천시 별양동	126.996	37.428
4129054000	경기도 과천시 부림동	127.0	37.434
4129055000	경기도 과천시 과천동	127.007	37.452
4129056000	경기도 과천시 문원동	127.02	37.424
4131000000	경기도 구리시	127.133	37.602
4131051000	경기도 구리시 갈매동	127.12	37.632
4131052000	경기도 구리시 동구동	127.133	37.624
4131053000	경기도 구리시 인창동	127.127	37.609
4131054100	경기도 구리시 교문1동	127.117	37.584
4131054200	경기도 구리시 교문2동	127.134	37.586
4131057000	경기도 구리시 수택1동	127.144	37.599
4131058000	경기도 구리시 수택2동	127.144	37.594
4131059000	경기도 구리시 수택3동	127.15	37.582
4136000000	경기도 남양주시	127.257	37.644
4136025000	경기도 남양주시 와부읍	127.235	37.587
4136025300	경기도 남양주시 진접읍	127.194	37.716
4136025600	경기도 남양주시 화도읍	127.319	37.653
4136025700	경기도 남양주시 화도읍동부출장소	127.348	37.658
4136025800	경기도 남양주시 화도읍남부출장소	127.291	37.651
4136025900	경기도 남양주시 진건읍	127.182	37.655
4136026200	경기도 남양주시 오남읍	127.23	37.694
4136026500	경기도 남양주시 퇴계원읍	127.143	37.655
4136031000	경기도 남양주시 별내면	127.125	37.712
4136031500	경기도 남양주시 별내면청학출장소	127.116	37.709
4136033000	경기도 남양주시 진건면	127.182	37.655
4136034000	경기도 남양주시 수동면	127.301	37.722
4136036000	경기도 남양주시 조안면	127.291	37.56
4136037000	경기도 남양주시 퇴계원면	127.143	37.655
4136038000	경기도 남양주시 오남면	127.23	37.694
4136051000	경기도 남양주시 호평동	127.243	37.662
4136052000	경기도 남양주시 평내동	127.235	37.647
4136053000	경기도 남양주시 금곡동	127.214	37.632
4136054000	경기도 남양주시 양정동	127.192	37.611
4136054500	경기도 남양주시 다산1동	127.159	37.618
4136055000	경기도 남양주시 지금동	127.163	37.604
4136056000	경기도 남양주시 도농동	127.155	37.61
4136056500	경기도 남양주시 다산2동	127.169	37.597
4136057000	경기도 남양주시 별내동	127.119	37.669
4137000000	경기도 오산시	127.051	37.163
4137051000	경기도 오산시 중앙동	127.083	37.154
4137052300	경기도 오산시 대원1동	127.072	37.14
4137052600	경기도 오산시 대원2동	127.085	37.137
4137053000	경기도 오산시 남촌동	127.058	37.151
4137054000	경기도 오산시 신장동	127.054	37.171
4137054300	경기도 오산시 신장1동	127.05	37.171
4137054600	경기도 오산시 신장2동	127.067	37.172
4137055000	경기도 오산시 세마동	127.025	37.183
4137056000	경기도 오산시 초평동	127.047	37.141
4137057000	경기도 오산시 대원동	127.076	37.137
4139000000	경기도 시흥시	126.806	37.39
4139051000	경기도 시흥시 대야동	126.801	37.455
4139052000	경기도 시흥시 신천동	126.779	37.439
4139053100	경기도 시흥시 신현동	126.772	37.411
4139054000	경기도 시흥시 은행동	126.809	37.432
4139055000	경기도 시흥시 매화동	126.824	37.407
4139057000	경기도 시흥시 목감동	126.851	37.383
4139058100	경기도 시흥시 군자동	126.78	37.355
4139058200	경기도 시흥시 월곶동	126.749	37.38
4139058900	경기도 시흥시 정왕본동	126.751	37.357
4139059100	경기도 시흥시 정왕1동	126.728	37.329
4139059200	경기도 시흥시 정왕2동	126.718	37.337
4139059300	경기도 시흥시 정왕3동	126.701	37.343
4139059400	경기도 시흥시 정왕4동	126.726	37.366
4139059500	경기도 시흥시 배곧동	126.724	37.369
4139059600	경기도 시흥시 배곧1동	126.731	37.378
4139059700	경기도 시흥시 배곧2동	126.718	37.364
4139062100	경기도 시흥시 과림동	126.833	37.432
4139063000	경기도 시흥시 연성동	126.806	37.388
4139063100	경기도 시흥시 장곡동	126.783	37.382
4139064000	경기도 시흥시 능곡동	126.809	37.366
4139065000	경기도 시흥시 거북섬동	126.695	37.322
4141000000	경기도 군포시	126.922	37.343
4141051000	경기도 군포시 군포1동	126.955	37.349
4141052000	경기도 군포시 군포2동	126.937	37.334
4141054000	경기도 군포시 산본1동	126.939	37.373
4141055000	경기도 군포시 산본2동	126.933	37.37
4141056000	경기도 군포시 금정동	126.946	37.366
4141057000	경기도 군포시 재궁동	126.938	37.358
4141058000	경기도 군포시 오금동	126.929	37.349
4141059000	경기도 군포시 수리동	126.918	37.351
4141060000	경기도 군포시 궁내동	126.917	37.365
4141061000	경기도 군포시 대야동	126.9	37.332
4141062000	경기도 군포시 광정동	126.928	37.365
4141063000	경기도 군포시 송부동	126.925	37.321
4143000000	경기도 의왕시	126.989	37.358
4143051000	경기도 의왕시 고천동	126.987	37.341
4143052000	경기도 의왕시 부곡동	126.957	37.324
4143053000	경기도 의왕시 오전동	126.983	37.361
4143054000	경기도 의왕시 내손1동	126.979	37.378
4143055000	경기도 의왕시 내손2동	126.981	37.387
4143056000	경기도 의왕시 청계동	127.011	37.386
4145000000	경기도 하남시	127.211	37.531
4145051000	경기도 하남시 천현동	127.246	37.512
4145052000	경기도 하남시 신장1동	127.207	37.539
4145053000	경기도 하남시 신장2동	127.228	37.552
4145054000	경기도 하남시 덕풍1동	127.198	37.534
4145055000	경기도 하남시 덕풍2동	127.2	37.542
4145056000	경기도 하남시 덕풍3동	127.206	37.55
4145057000	경기도 하남시 풍산동	127.19	37.55
4145058000	경기도 하남시 감북동	127.168	37.501
4145058200	경기도 하남시 감일동	127.168	37.501
4145058500	경기도 하남시 위례동	127.15	37.476
4145059000	경기도 하남시 춘궁동	127.195	37.507
4145060000	경기도 하남시 초이동	127.173	37.532
4145061000	경기도 하남시 미사1동	127.206	37.567
4145062000	경기도 하남시 미사2동	127.186	37.579
4145063000	경기도 하남시 미사3동	127.19	37.55
4146000000	경기도 용인시	127.212	37.235
4146025000	경기도 용인시 기흥읍	127.113	37.232
4146025300	경기도 용인시 수지읍	127.093	37.328
4146025400	경기도 용인시 죽전출장소	127.093	37.328
4146025500	경기도 용인시 상현출장소	127.072	37.303
4146025600	경기도 용인시 구성읍	127.139	37.294
4146031000	경기도 용인시 포곡면	127.211	37.293
4146032000	경기도 용인시 모현면	127.243	37.326
4146034000	경기도 용인시 남사면	127.154	37.135
4146035000	경기도 용인시 이동면	127.234	37.157
4146036000	경기도 용인시 원삼면	127.311	37.162
4146037000	경기도 용인시 백암면	127.392	37.148
4146038000	경기도 용인시 양지면	127.287	37.244
4146051000	경기도 용인시 중앙동	127.202	37.23
4146052000	경기도 용인시 역삼동	127.175	37.241
4146053000	경기도 용인시 유림동	127.216	37.252
4146054000	경기도 용인시 동부동	127.249	37.202
4146055000	경기도 용인시 풍덕천1동	127.093	37.328
4146056000	경기도 용인시 풍덕천2동	127.089	37.323
4146057000	경기도 용인시 죽전1동	127.126	37.327
4146058000	경기도 용인시 죽전2동	127.108	37.332
4146059000	경기도 용인시 동천동	127.048	37.351
4146060000	경기도 용인시 상현동	127.072	37.303
4146061000	경기도 용인시 성복동	127.06	37.319
4146100000	경기도 용인시 처인구	127.241	37.222
4146125000	경기도 용인시 처인구 포곡읍	127.211	37.293
4146125300	경기도 용인시 처인구 모현읍	127.243	37.326
4146125600	경기도 용인시 처인구 이동읍	127.234	37.157
4146125900	경기도 용인시 처인구 남사읍	127.155	37.134
4146131000	경기도 용인시 처인구 모현면	127.242	37.326
4146132000	경기도 용인시 처인구 남사면	127.154	37.135
4146133000	경기도 용인시 처인구 이동면	127.234	37.157
4146134000	경기도 용인시 처인구 원삼면	127.311	37.162
4146135000	경기도 용인시 처인구 백암면	127.391	37.149
4146136000	경기도 용인시 처인구 양지면	127.287	37.244
4146151000	경기도 용인시 처인구 중앙동	127.202	37.23
4146152000	경기도 용인시 처인구 역삼동	127.175	37.241
4146152500	경기도 용인시 처인구 역북동	127.191	37.241
4146152600	경기도 용인시 처인구 삼가동	127.165	37.241
4146153000	경기도 용인시 처인구 유림동	127.216	37.252
4146154000	경기도 용인시 처인구 동부동	127.249	37.202
4146300000	경기도 용인시 기흥구	127.129	37.27
4146351000	경기도 용인시 기흥구 신갈동	127.1	37.281
4146351500	경기도 용인시 기흥구 영덕동	127.093	37.265
4146351600	경기도 용인시 기흥구 영덕1동	127.082	37.274
4146351700	경기도 용인시 기흥구 영덕2동	127.093	37.258
4146352000	경기도 용인시 기흥구 구갈동	127.123	37.277
4146353000	경기도 용인시 기흥구 상갈동	127.136	37.247
4146353500	경기도 용인시 기흥구 보라동	127.138	37.244
4146354000	경기도 용인시 기흥구 기흥동	127.113	37.232
4146355000	경기도 용인시 기흥구 서농동	127.081	37.233
4146356000	경기도 용인시 기흥구 구성동	127.139	37.294
4146357000	경기도 용인시 기흥구 마북동	127.137	37.307
4146357200	경기도 용인시 기흥구 동백1동	127.163	37.287
4146357500	경기도 용인시 기흥구 동백2동	127.162	37.267
4146357700	경기도 용인시 기흥구 동백3동	127.147	37.277
4146358000	경기도 용인시 기흥구 어정동	127.159	37.278
4146358500	경기도 용인시 기흥구 동백동	127.159	37.278
4146358600	경기도 용인시 기흥구 상하동	127.14	37.264
4146359000	경기도 용인시 기흥구 보정동	127.11	37.308
4146500000	경기도 용인시 수지구	127.089	37.333
4146551000	경기도 용인시 수지구 풍덕천1동	127.093	37.328
4146552000	경기도 용인시 수지구 풍덕천2동	127.089	37.323
4146553000	경기도 용인시 수지구 신봉동	127.058	37.331
4146554000	경기도 용인시 수지구 죽전1동	127.126	37.327
4146555000	경기도 용인시 수지구 죽전2동	127.108	37.332
4146555500	경기도 용인시 수지구 죽전3동	127.123	37.323
4146556000	경기도 용인시 수지구 동천동	127.048	37.351
4146557000	경기도 용인시 수지구 상현1동	127.072	37.303
4146558000	경기도 용인시 수지구 상현2동	127.089	37.306
4146558500	경기도 용인시 수지구 상현3동	127.07	37.303
4146559000	경기도 용인시 수지구 성복동	127.06	37.319
4148000000	경기도 파주시	126.807	37.847
4148025000	경기도 파주시 문산읍	126.778	37.873
4148025300	경기도 파주시 파주읍	126.819	37.829
4148025600	경기도 파주시 법원읍	126.896	37.871
4148025900	경기도 파주시 교하읍	126.706	37.727
4148026200	경기도 파주시 조리읍	126.826	37.753
4148031000	경기도 파주시 월롱면	126.779	37.8
4148032000	경기도 파주시 탄현면	126.706	37.8
4148033000	경기도 파주시 교하면	126.706	37.727
4148034000	경기도 파주시 조리면	126.826	37.753
4148035000	경기도 파주시 광탄면	126.889	37.772
4148036000	경기도 파주시 파평면	126.853	37.914
4148037000	경기도 파주시 적성면	126.925	37.947
4148038000	경기도 파주시 군내면	126.743	37.938
4148038500	경기도 파주시 군내면군내출장소	126.733	37.903
4148038700	경기도 파주시 장단출장소	126.731	37.906
4148039000	경기도 파주시 장단면	126.71	37.874
4148040000	경기도 파주시 진동면	126.799	37.941
4148051000	경기도 파주시 금촌1동	126.782	37.76
4148052000	경기도 파주시 금촌2동	126.774	37.753
4148053000	경기도 파주시 금촌3동	126.749	37.78
4148054000	경기도 파주시 교하동	126.706	37.727
4148055000	경기도 파주시 운정1동	126.774	37.729
4148056000	경기도 파주시 운정2동	126.741	37.727
4148057000	경기도 파주시 운정3동	126.752	37.714
4148058000	경기도 파주시 운정4동	126.78	37.726
4148059000	경기도 파주시 운정5동	126.719	37.732
4148060000	경기도 파주시 운정6동	126.728	37.72
4150000000	경기도 이천시	127.451	37.202
4150025000	경기도 이천시 장호원읍	127.598	37.138
4150025300	경기도 이천시 부발읍	127.496	37.269
4150031000	경기도 이천시 신둔면	127.414	37.319
4150032000	경기도 이천시 백사면	127.492	37.327
4150033000	경기도 이천시 호법면	127.412	37.218
4150034000	경기도 이천시 마장면	127.372	37.248
4150035000	경기도 이천시 대월면	127.5	37.211
4150036000	경기도 이천시 모가면	127.457	37.176
4150037000	경기도 이천시 설성면	127.516	37.142
4150038000	경기도 이천시 율면	127.545	37.074
4150051000	경기도 이천시 창전동	127.447	37.283
4150051500	경기도 이천시 증포동	127.457	37.288
4150052000	경기도 이천시 중리동	127.459	37.238
4150053000	경기도 이천시 관고동	127.421	37.288
4155000000	경기도 안성시	127.306	37.025
4155025000	경기도 안성시 공도읍	127.184	36.998
4155031000	경기도 안성시 보개면	127.31	37.059
4155032000	경기도 안성시 금광면	127.338	36.981
4155033000	경기도 안성시 서운면	127.255	36.937
4155034000	경기도 안성시 미양면	127.223	36.97
4155035000	경기도 안성시 대덕면	127.238	37.029
4155036000	경기도 안성시 양성면	127.208	37.086
4155037000	경기도 안성시 공도면	127.184	36.998
4155038000	경기도 안성시 원곡면	127.147	37.047
4155039000	경기도 안성시 일죽면	127.483	37.101
4155040000	경기도 안성시 죽산면	127.424	37.055
4155041000	경기도 안성시 삼죽면	127.359	37.065
4155042000	경기도 안성시 고삼면	127.273	37.097
4155051000	경기도 안성시 안성1동	127.279	37.003
4155052000	경기도 안성시 안성2동	127.265	36.991
4155053000	경기도 안성시 안성3동	127.27	37.027
4157000000	경기도 김포시	126.596	37.682
4157025000	경기도 김포시 통진읍	126.597	37.699
4157025300	경기도 김포시 고촌읍	126.769	37.611
4157025600	경기도 김포시 양촌읍	126.613	37.639
4157031000	경기도 김포시 고촌면	126.769	37.611
4157032000	경기도 김포시 양촌면	126.613	37.639
4157033000	경기도 김포시 통진면	126.597	37.699
4157034000	경기도 김포시 대곶면	126.571	37.641
4157035000	경기도 김포시 월곶면	126.559	37.727
4157036000	경기도 김포시 하성면	126.645	37.732
4157051000	경기도 김포시 김포1동	126.71	37.634
4157051500	경기도 김포시 김포본동	126.71	37.633
4157052000	경기도 김포시 김포2동	126.672	37.652
4157052500	경기도 김포시 장기본동	126.666	37.65
4157053000	경기도 김포시 김포3동	126.729	37.621
4157054000	경기도 김포시 사우동	126.729	37.621
4157055000	경기도 김포시 풍무동	126.724	37.605
4157056000	경기도 김포시 장기동	126.675	37.638
4157057000	경기도 김포시 구래동	126.636	37.642
4157057500	경기도 김포시 마산동	126.641	37.639
4157058000	경기도 김포시 운양동	126.689	37.656
4159000000	경기도 화성시	126.914	37.153
4159025000	경기도 화성시 태안읍	127.034	37.204
4159025300	경기도 화성시 봉담읍	126.925	37.194
4159025600	경기도 화성시 우정읍	126.785	37.076
4159025900	경기도 화성시 향남읍	126.922	37.109
4159026200	경기도 화성시 남양읍	126.827	37.218
4159031000	경기도 화성시 매송면	126.898	37.264
4159032000	경기도 화성시 비봉면	126.873	37.232
4159033000	경기도 화성시 마도면	126.759	37.198
4159034000	경기도 화성시 송산면	126.728	37.228
4159035000	경기도 화성시 서신면	126.717	37.158
4159036000	경기도 화성시 팔탄면	126.875	37.147
4159037000	경기도 화성시 장안면	126.851	37.083
4159038000	경기도 화성시 우정면	126.785	37.076
4159039000	경기도 화성시 향남면	126.922	37.109
4159040000	경기도 화성시 양감면	126.975	37.092
4159041000	경기도 화성시 정남면	126.986	37.161
4159042000	경기도 화성시 동탄면	127.09	37.173
4159051000	경기도 화성시 남양동	126.826	37.218
4159051500	경기도 화성시 새솔동	126.827	37.277
4159052000	경기도 화성시 진안동	127.035	37.226
4159053000	경기도 화성시 병점1동	127.034	37.204
4159054000	경기도 화성시 병점2동	127.044	37.21
4159055000	경기도 화성시 반월동	127.06	37.226
4159056000	경기도 화성시 기배동	126.988	37.223
4159057000	경기도 화성시 화산동	127.001	37.207
4159058000	경기도 화성시 동탄동	127.09	37.173
4159058500	경기도 화성시 동탄1동	127.075	37.212
4159058600	경기도 화성시 동탄2동	127.074	37.192
4159058700	경기도 화성시 동탄3동	127.058	37.209
4159058800	경기도 화성시 동탄4동	127.106	37.21
4159059000	경기도 화성시 동탄5동	127.122	37.208
4159060000	경기도 화성시 동탄6동	127.112	37.173
4159061000	경기도 화성시 동탄7동	127.094	37.182
4159062000	경기도 화성시 동탄8동	127.114	37.154
4159063000	경기도 화성시 동탄9동	127.138	37.183
4161000000	경기도 광주시	127.292	37.401
4161025000	경기도 광주시 오포읍	127.216	37.365
4161025300	경기도 광주시 초월읍	127.315	37.396
4161025600	경기도 광주시 실촌읍	127.387	37.365
4161025900	경기도 광주시 곤지암읍	127.387	37.365
4161031000	경기도 광주시 초월면	127.315	37.396
4161032000	경기도 광주시 실촌면	127.387	37.365
4161033000	경기도 광주시 도척면	127.321	37.309
4161034000	경기도 광주시 퇴촌면	127.329	37.448
4161035000	경기도 광주시 남종면	127.318	37.504
4161036000	경기도 광주시 중부면	127.218	37.457
4161037000	경기도 광주시 남한산성면	127.218	37.457
4161051000	경기도 광주시 경안동	127.261	37.403
4161052000	경기도 광주시 송정동	127.232	37.432
4161053000	경기도 광주시 광남동	127.208	37.398
4161054000	경기도 광주시 쌍령동	127.27	37.403
4161055000	경기도 광주시 탄벌동	127.239	37.419
4161056000	경기도 광주시 광남1동	127.216	37.4
4161057000	경기도 광주시 광남2동	127.23	37.385
4161058000	경기도 광주시 오포1동	127.208	37.356
4161059000	경기도 광주시 오포2동	127.261	37.372
4161060000	경기도 광주시 신현동	127.167	37.363
4161061000	경기도 광주시 능평동	127.17	37.351
4163000000	경기도 양주시	127.014	37.805
4163025000	경기도 양주시 백석읍	126.98	37.789
4163031000	경기도 양주시 은현면	127.029	37.88
4163032000	경기도 양주시 남면	126.977	37.896
4163033000	경기도 양주시 광적면	126.959	37.835
4163034000	경기도 양주시 장흥면	126.969	37.718
4163051000	경기도 양주시 양주1동	127.037	37.789
4163052000	경기도 양주시 양주2동	127.084	37.79
4163053000	경기도 양주시 회천1동	127.074	37.852
4163054000	경기도 양주시 회천2동	127.043	37.829
4163055000	경기도 양주시 회천3동	127.069	37.825
4163056000	경기도 양주시 회천4동	127.098	37.837
4163057000	경기도 양주시 옥정1동	127.099	37.837
4163058000	경기도 양주시 옥정2동	127.089	37.818
4165000000	경기도 포천시	127.237	37.971
4165025000	경기도 포천시 소흘읍	127.154	37.797
4165031000	경기도 포천시 군내면	127.229	37.881
4165032000	경기도 포천시 내촌면	127.237	37.805
4165033000	경기도 포천시 가산면	127.201	37.835
4165034000	경기도 포천시 신북면	127.173	37.944
4165035000	경기도 포천시 창수면	127.169	38.014
4165036000	경기도 포천시 영중면	127.243	38.001
4165037000	경기도 포천시 일동면	127.343	37.977
4165038000	경기도 포천시 이동면	127.396	38.05
4165039000	경기도 포천시 영북면	127.281	38.077
4165040000	경기도 포천시 관인면	127.22	38.124
4165041000	경기도 포천시 화현면	127.289	37.901
4165051000	경기도 포천시 포천동	127.177	37.892
4165052000	경기도 포천시 선단동	127.144	37.862
4167000000	경기도 여주시	127.644	37.287
4167025000	경기도 여주시 가남읍	127.583	37.213
4167031000	경기도 여주시 점동면	127.688	37.189
4167032000	경기도 여주시 흥천면	127.531	37.343
4167033000	경기도 여주시 금사면	127.503	37.396
4167034000	경기도 여주시 능서면	127.592	37.304
4167034500	경기도 여주시 세종대왕면	127.592	37.304
4167035000	경기도 여주시 대신면	127.599	37.371
4167036000	경기도 여주시 북내면	127.694	37.356
4167037000	경기도 여주시 강천면	127.728	37.302
4167038000	경기도 여주시 산북면	127.441	37.401
4167051000	경기도 여주시 여흥동	127.651	37.256
4167052000	경기도 여주시 중앙동	127.618	37.281
4167053000	경기도 여주시 오학동	127.642	37.321
4171000000	경기도 양주군	127.014	37.805
4171025000	경기도 양주군 회천읍	127.074	37.852
4171025100	경기도 양주군 회천읍덕계출장소	127.043	37.829
4171025300	경기도 양주군 양주읍	127.037	37.789
4171025600	경기도 양주군 백석읍	126.98	37.789
4171029000	경기도 양주군 회천읍덕계출장소	127.043	37.829
4171032000	경기도 양주군 은현면	127.029	37.88
4171033000	경기도 양주군 남면	126.977	37.896
4171034000	경기도 양주군 광적면	126.959	37.835
4171035000	경기도 양주군 백석면	126.98	37.789
4171036000	경기도 양주군 장흥면	126.969	37.718
4173000000	경기도 여주군	127.644	37.287
4173025000	경기도 여주군 여주읍	127.642	37.28
4173025500	경기도 여주군 여주읍오학출장소	127.644	37.31
4173031000	경기도 여주군 점동면	127.688	37.189
4173032000	경기도 여주군 가남면	127.582	37.214
4173033000	경기도 여주군 흥천면	127.531	37.343
4173034000	경기도 여주군 금사면	127.504	37.397
4173035000	경기도 여주군 능서면	127.592	37.304
4173036000	경기도 여주군 대신면	127.599	37.371
4173037000	경기도 여주군 북내면	127.693	37.356
4173037500	경기도 여주군 북내면오학출장소	127.642	37.321
4173038000	경기도 여주군 강천면	127.729	37.302
4173039000	경기도 여주군 산북면	127.441	37.401
4175000000	경기도 화성군	126.914	37.153
4175025000	경기도 화성군 태안읍	127.034	37.204
4175025300	경기도 화성군 봉담읍	126.925	37.194
4175032000	경기도 화성군 매송면	126.898	37.264
4175034000	경기도 화성군 비봉면	126.873	37.232
4175035000	경기도 화성군 남양면	126.827	37.218
4175036000	경기도 화성군 마도면	126.759	37.198
4175037000	경기도 화성군 송산면	126.728	37.228
4175038000	경기도 화성군 서신면	126.717	37.158
4175039000	경기도 화성군 팔탄면	126.875	37.147
4175040000	경기도 화성군 장안면	126.851	37.083
4175041000	경기도 화성군 우정면	126.785	37.076
4175042000	경기도 화성군 향남면	126.922	37.109
4175043000	경기도 화성군 양감면	126.975	37.092
4175044000	경기도 화성군 정남면	126.986	37.161
4175045000	경기도 화성군 동탄면	127.09	37.173
4179000000	경기도 광주군	127.292	37.401
4179025000	경기도 광주군 광주읍	127.232	37.432
4179031000	경기도 광주군 오포면	127.216	37.365
4179032000	경기도 광주군 초월면	127.315	37.396
4179033000	경기도 광주군 실촌면	127.387	37.365
4179034000	경기도 광주군 도척면	127.321	37.309
4179035000	경기도 광주군 퇴촌면	127.329	37.448
4179036000	경기도 광주군 남종면	127.318	37.504
4179037000	경기도 광주군 중부면	127.218	37.457
4180000000	경기도 연천군	126.977	38.11
4180025000	경기도 연천군 연천읍	127.104	38.113
4180025300	경기도 연천군 전곡읍	127.032	37.996
4180031000	경기도 연천군 군남면	127.039	38.07
4180032000	경기도 연천군 청산면	127.112	38.016
4180033000	경기도 연천군 백학면	126.904	38.032
4180034000	경기도 연천군 미산면	126.974	38.034
4180035000	경기도 연천군 왕징면	126.86	38.137
4180036000	경기도 연천군 신서면	127.108	38.202
4180037000	경기도 연천군 중면	127.0	38.171
4180038000	경기도 연천군 장남면	126.862	37.996
4181000000	경기도 포천군	127.237	37.971
4181025000	경기도 포천군 포천읍	127.177	37.892
4181025300	경기도 포천군 소흘읍	127.154	37.797
4181031000	경기도 포천군 군내면	127.229	37.881
4181032000	경기도 포천군 내촌면	127.237	37.805
4181033000	경기도 포천군 가산면	127.201	37.835
4181034000	경기도 포천군 소흘면	127.154	37.797
4181035000	경기도 포천군 신북면	127.173	37.944
4181036000	경기도 포천군 관인면	127.22	38.124
4181037000	경기도 포천군 창수면	127.169	38.014
4181038000	경기도 포천군 영중면	127.243	38.001
4181039000	경기도 포천군 일동면	127.343	37.977
4181040000	경기도 포천군 이동면	127.396	38.05
4181041000	경기도 포천군 영북면	127.281	38.077
4181042000	경기도 포천군 화현면	127.289	37.901
4182000000	경기도 가평군	127.408	37.811
4182025000	경기도 가평군 가평읍	127.476	37.809
4182031000	경기도 가평군 설악면	127.487	37.65
4182032000	경기도 가평군 외서면	127.428	37.726
4182032500	경기도 가평군 청평면	127.428	37.726
4182033000	경기도 가평군 상면	127.321	37.8
4182034000	경기도 가평군 하면	127.364	37.87
4182034500	경기도 가평군 조종면	127.364	37.87
4182035000	경기도 가평군 북면	127.484	37.96
4183000000	경기도 양평군	127.581	37.519
4183025000	경기도 양평군 양평읍	127.519	37.49
4183031000	경기도 양평군 강상면	127.471	37.464
4183032000	경기도 양평군 강하면	127.417	37.465
4183033000	경기도 양평군 양서면	127.374	37.54
4183034000	경기도 양평군 옥천면	127.488	37.552
4183035000	경기도 양평군 서종면	127.409	37.612
4183036000	경기도 양평군 단월면	127.66	37.571
4183037000	경기도 양평군 청운면	127.767	37.547
4183038000	경기도 양평군 양동면	127.751	37.442
4183039000	경기도 양평군 지제면	127.657	37.453
4183039500	경기도 양평군 지평면	127.657	37.453
4183040000	경기도 양평군 용문면	127.587	37.514
4183041000	경기도 양평군 개군면	127.547	37.441
4200000000	강원도	128.238	37.864
4211000000	강원도 춘천시	127.788	37.88
4211025000	강원도 춘천시 신북읍	127.732	37.966
4211031000	강원도 춘천시 동면	127.839	37.888
4211032000	강원도 춘천시 동산면	127.789	37.775
4211033000	강원도 춘천시 신동면	127.7	37.806
4211034000	강원도 춘천시 남면	127.618	37.731
4211035000	강원도 춘천시 서면	127.663	37.904
4211036000	강원도 춘천시 사북면	127.664	38.02
4211038000	강원도 춘천시 북산면	127.889	37.962
4211039000	강원도 춘천시 동내면	127.781	37.838
4211040000	강원도 춘천시 남산면	127.691	37.763
4211052000	강원도 춘천시 교동	127.737	37.882
4211053000	강원도 춘천시 조운동	127.732	37.878
4211054500	강원도 춘천시 약사명동	127.725	37.876
4211057000	강원도 춘천시 근화동	127.715	37.891
4211058000	강원도 춘천시 소양동	127.727	37.883
4211060000	강원도 춘천시 후평1동	127.746	37.887
4211061000	강원도 춘천시 후평2동	127.749	37.876
4211061100	강원도 춘천시 후평3동	127.756	37.877
4211062000	강원도 춘천시 효자1동	127.728	37.872
4211063000	강원도 춘천시 효자2동	127.741	37.869
4211064000	강원도 춘천시 효자3동	127.742	37.875
4211065000	강원도 춘천시 석사동	127.745	37.857
4211066000	강원도 춘천시 퇴계동	127.728	37.855
4211067500	강원도 춘천시 강남동	127.698	37.858
4211070500	강원도 춘천시 신사우동	127.73	37.92
4213000000	강원도 원주시	127.902	37.325
4213025000	강원도 원주시 문막읍	127.808	37.285
4213031000	강원도 원주시 소초면	128.021	37.402
4213032000	강원도 원주시 호저면	127.914	37.446
4213033000	강원도 원주시 지정면	127.828	37.388
4213035000	강원도 원주시 부론면	127.789	37.209
4213036000	강원도 원주시 귀래면	127.885	37.198
4213037000	강원도 원주시 흥업면	127.896	37.287
4213038000	강원도 원주시 판부면	127.989	37.287
4213039000	강원도 원주시 신림면	128.123	37.252
4213051500	강원도 원주시 중앙동	127.945	37.362
4213052000	강원도 원주시 원인동	127.947	37.344
4213053000	강원도 원주시 개운동	127.958	37.338
4213054100	강원도 원주시 명륜1동	127.946	37.339
4213054200	강원도 원주시 명륜2동	127.942	37.331
4213055000	강원도 원주시 단구동	127.954	37.325
4213056000	강원도 원주시 일산동	127.944	37.347
4213057500	강원도 원주시 학성동	127.94	37.356
4213059000	강원도 원주시 단계동	127.927	37.351
4213060000	강원도 원주시 우산동	127.93	37.38
4213061000	강원도 원주시 태장1동	127.96	37.364
4213062000	강원도 원주시 태장2동	127.953	37.387
4213063500	강원도 원주시 봉산동	127.985	37.357
4213065000	강원도 원주시 행구동	128.007	37.343
4213066000	강원도 원주시 무실동	127.921	37.327
4213067500	강원도 원주시 반곡관설동	127.997	37.316
4215000000	강원도 강릉시	128.883	37.711
4215025000	강원도 강릉시 주문진읍	128.754	37.888
4215031000	강원도 강릉시 성산면	128.797	37.733
4215032000	강원도 강릉시 왕산면	128.802	37.6
4215033000	강원도 강릉시 구정면	128.889	37.695
4215034000	강원도 강릉시 강동면	128.981	37.687
4215035000	강원도 강릉시 옥계면	128.973	37.599
4215036000	강원도 강릉시 사천면	128.809	37.797
4215037000	강원도 강릉시 연곡면	128.687	37.829
4215051000	강원도 강릉시 홍제동	128.872	37.751
4215052000	강원도 강릉시 중앙동	128.896	37.753
4215054000	강원도 강릉시 옥천동	128.901	37.759
4215055000	강원도 강릉시 교1동	128.883	37.766
4215056000	강원도 강릉시 교2동	128.896	37.771
4215057100	강원도 강릉시 포남1동	128.907	37.764
4215057200	강원도 강릉시 포남2동	128.908	37.779
4215058000	강원도 강릉시 초당동	128.916	37.791
4215059000	강원도 강릉시 송정동	128.929	37.779
4215060000	강원도 강릉시 내곡동	128.874	37.738
4215061500	강원도 강릉시 강남동	128.917	37.733
4215064500	강원도 강릉시 성덕동	128.936	37.756
4215066500	강원도 강릉시 경포동	128.873	37.789
4217000000	강원도 동해시	129.045	37.517
4217051000	강원도 동해시 천곡동	129.1	37.524
4217052000	강원도 동해시 송정동	129.126	37.5
4217053000	강원도 동해시 북삼동	129.097	37.485
4217054000	강원도 동해시 부곡동	129.071	37.533
4217055000	강원도 동해시 동호동	129.089	37.549
4217057000	강원도 동해시 발한동	129.109	37.548
4217059000	강원도 동해시 묵호동	129.113	37.563
4217060000	강원도 동해시 북평동	129.121	37.473
4217063000	강원도 동해시 망상동	129.077	37.571
4217065000	강원도 동해시 삼화동	129.032	37.488
4219000000	강원도 태백시	128.957	37.203
4219051500	강원도 태백시 황지동	128.993	37.17
4219052500	강원도 태백시 황연동	129.039	37.168
4219053500	강원도 태백시 삼수동	128.97	37.253
4219054000	강원도 태백시 상장동	128.972	37.153
4219058500	강원도 태백시 문곡소도동	128.93	37.112
4219059500	강원도 태백시 장성동	128.993	37.098
4219060500	강원도 태백시 구문소동	129.04	37.092
4219061500	강원도 태백시 철암동	129.056	37.124
4221000000	강원도 속초시	128.516	38.176
4221051000	강원도 속초시 영랑동	128.571	38.217
4221052000	강원도 속초시 동명동	128.593	38.211
4221054000	강원도 속초시 금호동	128.583	38.209
4221056000	강원도 속초시 교동	128.583	38.203
4221057000	강원도 속초시 노학동	128.527	38.192
4221058000	강원도 속초시 조양동	128.582	38.186
4221059000	강원도 속초시 청호동	128.596	38.194
4221060000	강원도 속초시 대포동	128.504	38.161
4223000000	강원도 삼척시	129.173	37.257
4223025000	강원도 삼척시 도계읍	129.055	37.238
4223025300	강원도 삼척시 원덕읍	129.284	37.18
4223025400	강원도 삼척시 원덕읍임원출장소	129.343	37.233
4223029000	강원도 삼척시 원덕읍임원출장소	129.343	37.233
4223031000	강원도 삼척시 근덕면	129.23	37.323
4223032000	강원도 삼척시 하장면	128.921	37.334
4223033000	강원도 삼척시 노곡면	129.145	37.298
4223034000	강원도 삼척시 미로면	129.07	37.408
4223035000	강원도 삼척시 가곡면	129.153	37.121
4223036000	강원도 삼척시 신기면	129.058	37.329
4223051000	강원도 삼척시 남양동	129.166	37.413
4223053000	강원도 삼척시 교동	129.16	37.459
4223054000	강원도 삼척시 정라동	129.181	37.44
4223057000	강원도 삼척시 성내동	129.133	37.435
4272000000	강원도 홍천군	128.186	37.749
4272025000	강원도 홍천군 홍천읍	127.85	37.671
4272031000	강원도 홍천군 화촌면	127.967	37.779
4272032000	강원도 홍천군 두촌면	128.039	37.865
4272033000	강원도 홍천군 내촌면	128.098	37.814
4272034000	강원도 홍천군 서석면	128.22	37.728
4272035000	강원도 홍천군 동면	128.001	37.66
4272035200	강원도 홍천군 영귀미면	128.001	37.66
4272036000	강원도 홍천군 남면	127.759	37.625
4272037000	강원도 홍천군 서면	127.632	37.667
4272038000	강원도 홍천군 북방면	127.874	37.75
4272039000	강원도 홍천군 내면	128.381	37.791
4273000000	강원도 횡성군	128.101	37.491
4273025000	강원도 횡성군 횡성읍	127.992	37.496
4273031000	강원도 횡성군 우천면	128.079	37.469
4273032000	강원도 횡성군 안흥면	128.19	37.429
4273033000	강원도 횡성군 둔내면	128.252	37.539
4273034000	강원도 횡성군 갑천면	128.068	37.58
4273035000	강원도 횡성군 청일면	128.184	37.607
4273036000	강원도 횡성군 공근면	127.95	37.572
4273037000	강원도 횡성군 서원면	127.847	37.476
4273038000	강원도 횡성군 강림면	128.113	37.354
4275000000	강원도 영월군	128.458	37.218
4275025000	강원도 영월군 영월읍	128.508	37.201
4275025300	강원도 영월군 상동읍	128.791	37.111
4275031000	강원도 영월군 중동면	128.691	37.169
4275031200	강원도 영월군 산솔면	128.69	37.168
4275032000	강원도 영월군 하동면	128.631	37.096
4275032500	강원도 영월군 김삿갓면	128.631	37.096
4275033000	강원도 영월군 북면	128.427	37.274
4275034000	강원도 영월군 남면	128.391	37.168
4275035000	강원도 영월군 서면	128.345	37.226
4275035500	강원도 영월군 한반도면	128.345	37.226
4275035900	강원도 영월군 한반도면쌍용출장	128.327	37.177
4275036000	강원도 영월군 주천면	128.334	37.299
4275037000	강원도 영월군 수주면	128.241	37.341
4275038000	강원도 영월군 무릉도원면	128.241	37.341
4276000000	강원도 평창군	128.442	37.544
4276025000	강원도 평창군 평창읍	128.389	37.359
4276031000	강원도 평창군 미탄면	128.511	37.339
4276032000	강원도 평창군 방림면	128.317	37.456
4276032500	강원도 평창군 방림면계촌출장소	128.306	37.453
4276033000	강원도 평창군 대화면	128.425	37.505
4276034000	강원도 평창군 봉평면	128.343	37.601
4276035000	강원도 평창군 용평면	128.461	37.627
4276036000	강원도 평창군 진부면	128.565	37.639
4276037000	강원도 평창군 도암면	128.685	37.685
4276038000	강원도 평창군 대관령면	128.685	37.685
4277000000	강원도 정선군	128.704	37.37
4277025000	강원도 정선군 정선읍	128.655	37.372
4277025300	강원도 정선군 고한읍	128.866	37.188
4277025600	강원도 정선군 사북읍	128.841	37.235
4277025900	강원도 정선군 신동읍	128.649	37.247
4277026000	강원도 정선군 신동읍함백출장소	128.671	37.218
4277029000	강원도 정선군 신동읍함백출장소	128.671	37.218
4277031000	강원도 정선군 동면	128.806	37.316
4277032000	강원도 정선군 남면	128.732	37.276
4277033000	강원도 정선군 북면	128.73	37.48
4277034000	강원도 정선군 북평면	128.636	37.491
4277035000	강원도 정선군 임계면	128.877	37.466
4277036000	강원도 정선군 화암면	128.806	37.316
4277037000	강원도 정선군 여량면	128.73	37.48
4278000000	강원도 철원군	127.353	38.215
4278025000	강원도 철원군 철원읍	127.163	38.263
4278025300	강원도 철원군 김화읍	127.392	38.262
4278025600	강원도 철원군 갈말읍	127.314	38.212
4278025900	강원도 철원군 동송읍	127.237	38.238
4278031000	강원도 철원군 서면	127.429	38.185
4278031500	강원도 철원군 서면와수출장소	127.44	38.239
4278032000	강원도 철원군 근남면	127.501	38.23
4278033000	강원도 철원군 근북면	127.403	38.314
4279000000	강원도 화천군	127.691	38.173
4279025000	강원도 화천군 화천읍	127.78	38.218
4279031000	강원도 화천군 간동면	127.829	38.062
4279032000	강원도 화천군 하남면	127.668	38.079
4279033000	강원도 화천군 상서면	127.625	38.226
4279034000	강원도 화천군 사내면	127.506	38.078
4280000000	강원도 양구군	127.988	38.173
4280025000	강원도 양구군 양구읍	127.949	38.106
4280031000	강원도 양구군 남면	128.049	38.095
4280031500	강원도 양구군 국토정중앙면	128.049	38.095
4280032000	강원도 양구군 동면	128.058	38.238
4280033000	강원도 양구군 방산면	127.932	38.253
4280034000	강원도 양구군 해안면	128.123	38.283
4281000000	강원도 인제군	128.247	38.095
4281025000	강원도 인제군 인제읍	128.262	38.085
4281025100	강원도 인제군 인제읍귀둔출장소	128.366	38.016
4281029000	강원도 인제군 인제읍귀둔출장소	128.366	38.016
4281031000	강원도 인제군 남면	128.105	37.998
4281032000	강원도 인제군 북면	128.279	38.176
4281033000	강원도 인제군 기린면	128.344	37.961
4281034000	강원도 인제군 서화면	128.239	38.278
4281035000	강원도 인제군 상남면	128.294	37.882
4282000000	강원도 고성군	128.361	38.403
4282025000	강원도 고성군 간성읍	128.377	38.326
4282025300	강원도 고성군 거진읍	128.366	38.432
4282031000	강원도 고성군 현내면	128.36	38.538
4282032000	강원도 고성군 죽왕면	128.509	38.334
4282033000	강원도 고성군 토성면	128.51	38.245
4283000000	강원도 양양군	128.624	38.012
4283025000	강원도 양양군 양양읍	128.61	38.082
4283031000	강원도 양양군 서면	128.556	37.999
4283032000	강원도 양양군 손양면	128.656	38.054
4283033000	강원도 양양군 현북면	128.638	37.951
4283034000	강원도 양양군 현남면	128.741	37.943
4283035000	강원도 양양군 강현면	128.553	38.132
4300000000	충청북도	127.71	36.837
4311100000	충청북도 청주시 상당구	127.511	36.656
4311131000	충청북도 청주시 상당구 낭성면	127.6	36.629
4311132000	충청북도 청주시 상당구 미원면	127.658	36.658
4311133000	충청북도 청주시 상당구 가덕면	127.59	36.573
4311134000	충청북도 청주시 상당구 남일면	127.518	36.575
4311135000	충청북도 청주시 상당구 문의면	127.523	36.478
4311152500	충청북도 청주시 상당구 중앙동	127.492	36.643
4311154500	충청북도 청주시 상당구 성안동	127.488	36.631
4311158000	충청북도 청주시 상당구 우암동	127.492	36.651
4311159000	충청북도 청주시 상당구 내덕제1동	127.48	36.659
4311160000	충청북도 청주시 상당구 내덕제2동	127.495	36.659
4311161000	충청북도 청주시 상당구 율량.사천동	127.499	36.666
4311162000	충청북도 청주시 상당구 탑대성동	127.499	36.632
4311167000	충청북도 청주시 상당구 영운동	127.5	36.619
4311168000	충청북도 청주시 상당구 금천동	127.507	36.627
4311169000	충청북도 청주시 상당구 용담.명암.산성동	127.525	36.65
4311171000	충청북도 청주시 상당구 용암.용정.방서동	127.529	36.627
4311172000	충청북도 청주시 상당구 용암1동	127.529	36.627
4311173000	충청북도 청주시 상당구 용암2동	127.542	36.617
4311179000	충청북도 청주시 상당구 오근장동	127.479	36.697
4311200000	충청북도 청주시 서원구	127.416	36.548
4311231000	충청북도 청주시 서원구 남이면	127.422	36.566
4311232000	충청북도 청주시 서원구 현도면	127.434	36.496
4311251000	충청북도 청주시 서원구 사직1동	127.476	36.641
4311252000	충청북도 청주시 서원구 사직2동	127.475	36.632
4311253000	충청북도 청주시 서원구 사창동	127.463	36.634
4311254000	충청북도 청주시 서원구 모충동	127.479	36.626
4311255000	충청북도 청주시 서원구 산남동	127.472	36.611
4311256000	충청북도 청주시 서원구 분평동	127.486	36.598
4311257000	충청북도 청주시 서원구 수곡1동	127.486	36.617
4311258000	충청북도 청주시 서원구 수곡2동	127.474	36.618
4311259000	충청북도 청주시 서원구 성화.개신.죽림동	127.451	36.614
4311300000	충청북도 청주시 흥덕구	127.436	36.633
4311325000	충청북도 청주시 흥덕구 오송읍	127.321	36.625
4311331000	충청북도 청주시 흥덕구 강내면	127.357	36.607
4311332000	충청북도 청주시 흥덕구 옥산면	127.362	36.68
4311363000	충청북도 청주시 흥덕구 사직제1동	127.476	36.64
4311364000	충청북도 청주시 흥덕구 사직제2동	127.475	36.633
4311365000	충청북도 청주시 흥덕구 사창동	127.462	36.634
4311366000	충청북도 청주시 흥덕구 모충동	127.478	36.627
4311370000	충청북도 청주시 흥덕구 운천.신봉동	127.469	36.655
4311372100	충청북도 청주시 흥덕구 산미분장동	127.472	36.611
4311372200	충청북도 청주시 흥덕구 산남동	127.472	36.611
4311372300	충청북도 청주시 흥덕구 분평동	127.486	36.598
4311372700	충청북도 청주시 흥덕구 수곡1동	127.486	36.618
4311372800	충청북도 청주시 흥덕구 수곡2동	127.474	36.618
4311374100	충청북도 청주시 흥덕구 복대1동	127.437	36.637
4311374200	충청북도 청주시 흥덕구 복대2동	127.445	36.629
4311374700	충청북도 청주시 흥덕구 가경동	127.434	36.621
4311375100	충청북도 청주시 흥덕구 봉명1동	127.461	36.64
4311375600	충청북도 청주시 흥덕구 봉명2.송정동	127.45	36.649
4311376000	충청북도 청주시 흥덕구 강서제1동	127.403	36.624
4311377000	충청북도 청주시 흥덕구 강서제2동	127.43	36.665
4311378000	충청북도 청주시 흥덕구 성화.개신.죽림동	127.451	36.614
4311400000	충청북도 청주시 청원구	127.509	36.712
4311425000	충청북도 청주시 청원구 내수읍	127.555	36.7
4311425300	충청북도 청주시 청원구 오창읍	127.411	36.731
4311431000	충청북도 청주시 청원구 북이면	127.541	36.747
4311451000	충청북도 청주시 청원구 우암동	127.492	36.651
4311452000	충청북도 청주시 청원구 내덕1동	127.48	36.659
4311453000	충청북도 청주시 청원구 내덕2동	127.495	36.659
4311454000	충청북도 청주시 청원구 율량.사천동	127.499	36.666
4311455000	충청북도 청주시 청원구 오근장동	127.479	36.696
4313000000	충청북도 충주시	127.869	37.006
4313025000	충청북도 충주시 주덕읍	127.79	36.981
4313031000	충청북도 충주시 살미면	127.992	36.913
4313032000	충청북도 충주시 상모면	128.011	36.845
4313032500	충청북도 충주시 수안보면	128.011	36.845
4313033000	충청북도 충주시 이류면	127.838	36.95
4313033500	충청북도 충주시 대소원면	127.839	36.95
4313035000	충청북도 충주시 신니면	127.701	36.994
4313036000	충청북도 충주시 노은면	127.754	37.05
4313037000	충청북도 충주시 앙성면	127.743	37.142
4313038000	충청북도 충주시 가금면	127.838	37.03
4313038500	충청북도 충주시 중앙탑면	127.838	37.03
4313039000	충청북도 충주시 금가면	127.885	37.03
4313040000	충청북도 충주시 동량면	128.035	37.007
4313041000	충청북도 충주시 산척면	128.008	37.093
4313042000	충청북도 충주시 엄정면	127.929	37.112
4313043000	충청북도 충주시 소태면	127.85	37.121
4313051500	충청북도 충주시 성내.충인동	127.934	36.972
4313053500	충청북도 충주시 교현.안림동	127.977	36.984
4313054000	충청북도 충주시 교현2동	127.929	36.979
4313055000	충청북도 충주시 용산동	127.944	36.962
4313056000	충청북도 충주시 지현동	127.932	36.963
4313057100	충청북도 충주시 문화동	127.921	36.97
4313058000	충청북도 충주시 호암.직동	127.95	36.947
4313060500	충청북도 충주시 달천동	127.901	36.943
4313061000	충청북도 충주시 봉방동	127.908	36.975
4313062000	충청북도 충주시 칠금.금능동	127.915	36.991
4313062500	충청북도 충주시 칠금.금릉동	127.915	36.991
4313063000	충청북도 충주시 연수동	127.948	36.99
4313064000	충청북도 충주시 목행.용탄동	127.942	37.007
4315000000	충청북도 제천시	128.154	37.035
4315025000	충청북도 제천시 봉양읍	128.106	37.15
4315031000	충청북도 제천시 금성면	128.176	37.069
4315032000	충청북도 제천시 청풍면	128.167	37.015
4315033000	충청북도 제천시 수산면	128.196	36.942
4315034000	충청북도 제천시 덕산면	128.174	36.876
4315035000	충청북도 제천시 한수면	128.081	36.912
4315036000	충청북도 제천시 백운면	127.99	37.171
4315038000	충청북도 제천시 송학면	128.256	37.198
4315051000	충청북도 제천시 교동	128.229	37.15
4315051500	충청북도 제천시 고암.모산동	128.235	37.176
4315051700	충청북도 제천시 의암동	128.235	37.176
4315051800	충청북도 제천시 의림지동	128.234	37.176
4315052000	충청북도 제천시 중앙동	128.21	37.14
4315052500	충청북도 제천시 중앙.의림.명동	128.21	37.139
4315052700	충청북도 제천시 인성동	128.21	37.139
4315052800	충청북도 제천시 중앙동	128.21	37.14
4315053500	충청북도 제천시 남천.동현동	128.22	37.132
4315053700	충청북도 제천시 남현동	128.22	37.132
4315054000	충청북도 제천시 명서동	128.205	37.136
4315054500	충청북도 제천시 서부.영천동	128.171	37.124
4315054700	충청북도 제천시 영서동	128.171	37.124
4315055000	충청북도 제천시 의림동	128.208	37.142
4315056000	충청북도 제천시 용두동	128.19	37.159
4315057000	충청북도 제천시 동현동	128.25	37.114
4315057500	충청북도 제천시 신백.두학동	128.249	37.115
4315057700	충청북도 제천시 신백동	128.25	37.114
4315059000	충청북도 제천시 청전동	128.208	37.15
4315060500	충청북도 제천시 화산동	128.207	37.113
4315062500	충청북도 제천시 영천동	128.171	37.124
4371000000	충청북도 청원군	127.57	36.591
4371025000	충청북도 청원군 내수읍	127.555	36.701
4371025300	충청북도 청원군 오창읍	127.411	36.73
4371025600	충청북도 청원군 오송읍	127.321	36.625
4371031000	충청북도 청원군 낭성면	127.601	36.63
4371032000	충청북도 청원군 미원면	127.658	36.658
4371033000	충청북도 청원군 가덕면	127.59	36.573
4371034000	충청북도 청원군 남일면	127.517	36.574
4371035000	충청북도 청원군 남이면	127.422	36.566
4371036000	충청북도 청원군 문의면	127.523	36.479
4371037000	충청북도 청원군 현도면	127.435	36.495
4371038000	충청북도 청원군 부용면	127.383	36.529
4371039000	충청북도 청원군 강내면	127.357	36.607
4371040000	충청북도 청원군 강외면	127.321	36.625
4371041000	충청북도 청원군 옥산면	127.362	36.68
4371042000	충청북도 청원군 오창면	127.411	36.73
4371043000	충청북도 청원군 북이면	127.541	36.747
4372000000	충청북도 보은군	127.728	36.491
4372025000	충청북도 보은군 보은읍	127.714	36.492
4372031000	충청북도 보은군 내속리면	127.837	36.521
4372031500	충청북도 보은군 속리산면	127.837	36.521
4372032000	충청북도 보은군 외속리면	127.809	36.479
4372032500	충청북도 보은군 장안면	127.809	36.479
4372033000	충청북도 보은군 마로면	127.848	36.421
4372034000	충청북도 보은군 탄부면	127.778	36.438
4372035000	충청북도 보은군 삼승면	127.735	36.419
4372036000	충청북도 보은군 수한면	127.672	36.464
4372037000	충청북도 보은군 회남면	127.569	36.432
4372038000	충청북도 보은군 회북면	127.601	36.501
4372038500	충청북도 보은군 회인면	127.601	36.501
4372039000	충청북도 보은군 내북면	127.66	36.552
4372040000	충청북도 보은군 산외면	127.755	36.573
4373000000	충청북도 옥천군	127.652	36.308
4373025000	충청북도 옥천군 옥천읍	127.576	36.303
4373031000	충청북도 옥천군 동이면	127.631	36.307
4373032000	충청북도 옥천군 안남면	127.675	36.354
4373033000	충청북도 옥천군 안내면	127.66	36.391
4373034000	충청북도 옥천군 청성면	127.733	36.33
4373035000	충청북도 옥천군 청산면	127.817	36.341
4373036000	충청북도 옥천군 이원면	127.623	36.219
4373037000	충청북도 옥천군 군서면	127.52	36.274
4373038000	충청북도 옥천군 군북면	127.566	36.354
4374000000	충청북도 영동군	127.796	36.163
4374025000	충청북도 영동군 영동읍	127.809	36.168
4374031000	충청북도 영동군 용산면	127.802	36.26
4374032000	충청북도 영동군 황간면	127.897	36.236
4374033500	충청북도 영동군 추풍령면	127.996	36.229
4374034000	충청북도 영동군 매곡면	127.95	36.169
4374035000	충청북도 영동군 상촌면	127.898	36.102
4374036000	충청북도 영동군 양강면	127.769	36.118
4374037000	충청북도 영동군 용화면	127.773	36.047
4374038000	충청북도 영동군 학산면	127.697	36.081
4374039000	충청북도 영동군 양산면	127.64	36.147
4374040000	충청북도 영동군 심천면	127.705	36.217
4374500000	충청북도 증평군	127.592	36.78
4374525000	충청북도 증평군 증평읍	127.604	36.765
4374531000	충청북도 증평군 도안면	127.605	36.826
4375000000	충청북도 진천군	127.441	36.88
4375025000	충청북도 진천군 진천읍	127.394	36.846
4375025300	충청북도 진천군 덕산읍	127.512	36.9
4375031000	충청북도 진천군 덕산면	127.512	36.9
4375032000	충청북도 진천군 초평면	127.532	36.829
4375033000	충청북도 진천군 문백면	127.444	36.798
4375034000	충청북도 진천군 백곡면	127.353	36.902
4375035000	충청북도 진천군 이월면	127.443	36.919
4375037000	충청북도 진천군 광혜원면	127.423	36.976
4376000000	충청북도 괴산군	127.836	36.774
4376012500	충청북도 괴산군 증천지소	127.582	36.783
4376012600	충청북도 괴산군 장평지소	127.612	36.829
4376025000	충청북도 괴산군 괴산읍	127.811	36.831
4376025300	충청북도 괴산군 증평읍	127.582	36.783
4376025400	충청북도 괴산군 증천지소	127.582	36.783
4376025500	충청북도 괴산군 장평지소	127.584	36.785
4376031000	충청북도 괴산군 감물면	127.882	36.841
4376032000	충청북도 괴산군 장연면	127.952	36.833
4376033000	충청북도 괴산군 연풍면	127.989	36.766
4376034000	충청북도 괴산군 칠성면	127.884	36.756
4376035000	충청북도 괴산군 문광면	127.771	36.772
4376036000	충청북도 괴산군 청천면	127.803	36.679
4376037000	충청북도 괴산군 청안면	127.677	36.741
4376038500	충청북도 괴산군 도안지소	127.605	36.826
4376039000	충청북도 괴산군 사리면	127.686	36.817
4376040000	충청북도 괴산군 소수면	127.721	36.849
4376041000	충청북도 괴산군 불정면	127.834	36.893
4377000000	충청북도 음성군	127.552	36.994
4377025000	충청북도 음성군 음성읍	127.662	36.943
4377025300	충청북도 음성군 금왕읍	127.578	36.996
4377031000	충청북도 음성군 소이면	127.754	36.917
4377032000	충청북도 음성군 원남면	127.636	36.877
4377033000	충청북도 음성군 맹동면	127.555	36.916
4377034000	충청북도 음성군 대소면	127.493	36.962
4377035000	충청북도 음성군 삼성면	127.489	37.016
4377036000	충청북도 음성군 생극면	127.608	37.029
4377037000	충청북도 음성군 감곡면	127.666	37.097
4380000000	충청북도 단양군	128.386	36.979
4380025000	충청북도 단양군 단양읍	128.391	36.966
4380025300	충청북도 단양군 매포읍	128.3	37.048
4380031000	충청북도 단양군 대강면	128.381	36.866
4380032000	충청북도 단양군 가곡면	128.418	37.014
4380033000	충청북도 단양군 영춘면	128.518	37.073
4380034000	충청북도 단양군 어상천면	128.341	37.099
4380035000	충청북도 단양군 적성면	128.281	37.001
4380036000	충청북도 단양군 단성면	128.284	36.89
4400000000	충청남도	126.809	36.554
4413000000	충청남도 천안시	127.16	36.807
4413025000	충청남도 천안시 성환읍	127.124	36.93
4413025300	충청남도 천안시 성거읍	127.191	36.877
4413025600	충청남도 천안시 직산읍	127.151	36.89
4413025900	충청남도 천안시 목천읍	127.218	36.788
4413031000	충청남도 천안시 풍세면	127.123	36.737
4413032000	충청남도 천안시 광덕면	127.087	36.671
4413033000	충청남도 천안시 목천면	127.218	36.788
4413034000	충청남도 천안시 북면	127.271	36.827
4413035000	충청남도 천안시 성남면	127.232	36.729
4413036000	충청남도 천안시 수신면	127.289	36.724
4413037000	충청남도 천안시 병천면	127.304	36.792
4413038000	충청남도 천안시 동면	127.362	36.784
4413039000	충청남도 천안시 직산면	127.151	36.89
4413040000	충청남도 천안시 입장면	127.227	36.914
4413051500	충청남도 천안시 중앙동	127.15	36.804
4413052000	충청남도 천안시 문성동	127.153	36.812
4413054000	충청남도 천안시 원성1동	127.185	36.817
4413055000	충청남도 천안시 원성2동	127.159	36.802
4413056100	충청남도 천안시 성정1동	127.143	36.811
4413056200	충청남도 천안시 성정2동	127.14	36.824
4413057500	충청남도 천안시 봉명동	127.137	36.809
4413057800	충청남도 천안시 쌍용1동	127.129	36.802
4413057900	충청남도 천안시 쌍용2동	127.119	36.793
4413058000	충청남도 천안시 신용동	127.142	36.793
4413058100	충청남도 천안시 쌍용3동	127.122	36.809
4413058200	충청남도 천안시 백석동	127.114	36.827
4413058500	충청남도 천안시 신용동	127.142	36.793
4413059000	충청남도 천안시 청룡동	127.164	36.78
4413060000	충청남도 천안시 신안동	127.18	36.833
4413061000	충청남도 천안시 부성동	127.139	36.846
4413062000	충청남도 천안시 일봉동	127.142	36.793
4413063000	충청남도 천안시 신방동	127.129	36.779
4413100000	충청남도 천안시 동남구	127.225	36.756
4413125000	충청남도 천안시 동남구 목천읍	127.218	36.789
4413131000	충청남도 천안시 동남구 풍세면	127.123	36.737
4413132000	충청남도 천안시 동남구 광덕면	127.087	36.671
4413133000	충청남도 천안시 동남구 북면	127.271	36.827
4413134000	충청남도 천안시 동남구 성남면	127.232	36.729
4413135000	충청남도 천안시 동남구 수신면	127.289	36.724
4413136000	충청남도 천안시 동남구 병천면	127.304	36.792
4413137000	충청남도 천안시 동남구 동면	127.362	36.784
4413151000	충청남도 천안시 동남구 중앙동	127.15	36.804
4413152000	충청남도 천안시 동남구 문성동	127.153	36.812
4413153000	충청남도 천안시 동남구 원성1동	127.185	36.817
4413154000	충청남도 천안시 동남구 원성2동	127.159	36.802
4413155000	충청남도 천안시 동남구 봉명동	127.137	36.809
4413156000	충청남도 천안시 동남구 일봉동	127.142	36.793
4413157000	충청남도 천안시 동남구 신방동	127.129	36.779
4413158000	충청남도 천안시 동남구 청룡동	127.164	36.78
4413159000	충청남도 천안시 동남구 신안동	127.18	36.833
4413300000	충청남도 천안시 서북구	127.169	36.878
4413325000	충청남도 천안시 서북구 성환읍	127.124	36.93
4413325300	충청남도 천안시 서북구 성거읍	127.191	36.877
4413325600	충청남도 천안시 서북구 직산읍	127.151	36.89
4413331000	충청남도 천안시 서북구 입장면	127.227	36.914
4413351000	충청남도 천안시 서북구 성정1동	127.143	36.811
4413352000	충청남도 천안시 서북구 성정2동	127.14	36.824
4413353000	충청남도 천안시 서북구 쌍용1동	127.129	36.802
4413354000	충청남도 천안시 서북구 쌍용2동	127.119	36.793
4413355000	충청남도 천안시 서북구 쌍용3동	127.122	36.809
4413356000	충청남도 천안시 서북구 백석동	127.114	36.827
4413356500	충청남도 천안시 서북구 불당동	127.107	36.809
4413356600	충청남도 천안시 서북구 불당1동	127.112	36.806
4413356700	충청남도 천안시 서북구 불당2동	127.103	36.813
4413357000	충청남도 천안시 서북구 부성동	127.139	36.846
4413358000	충청남도 천안시 서북구 부성1동	127.156	36.847
4413359000	충청남도 천안시 서북구 부성2동	127.122	36.843
4415000000	충청남도 공주시	127.043	36.478
4415025000	충청남도 공주시 유구읍	126.982	36.604
4415031000	충청남도 공주시 이인면	127.074	36.374
4415032000	충청남도 공주시 탄천면	127.031	36.333
4415033000	충청남도 공주시 계룡면	127.159	36.365
4415034000	충청남도 공주시 반포면	127.243	36.384
4415035000	충청남도 공주시 장기면	127.201	36.507
4415036000	충청남도 공주시 의당면	127.155	36.545
4415037000	충청남도 공주시 정안면	127.112	36.591
4415038000	충청남도 공주시 우성면	127.076	36.477
4415039000	충청남도 공주시 사곡면	127.038	36.535
4415040000	충청남도 공주시 신풍면	126.943	36.507
4415051000	충청남도 공주시 중학동	127.122	36.449
4415053000	충청남도 공주시 산성동	127.106	36.456
4415054000	충청남도 공주시 웅진동	127.106	36.456
4415055000	충청남도 공주시 금학동	127.107	36.421
4415056000	충청남도 공주시 옥룡동	127.167	36.438
4415057000	충청남도 공주시 신관동	127.119	36.479
4415059000	충청남도 공주시 월송동	127.171	36.469
4418000000	충청남도 보령시	126.632	36.351
4418025000	충청남도 보령시 웅천읍	126.581	36.242
4418031000	충청남도 보령시 주포면	126.58	36.41
4418032000	충청남도 보령시 오천면	126.53	36.423
4418032500	충청남도 보령시 오천면어항출장소	126.509	36.327
4418032700	충청남도 보령시 오천면원산도출장	126.433	36.382
4418032800	충청남도 보령시 원산도출장소	126.432	36.38
4418032900	충청남도 보령시 원산출장소	126.432	36.38
4418033000	충청남도 보령시 천북면	126.538	36.48
4418034000	충청남도 보령시 청소면	126.606	36.455
4418035000	충청남도 보령시 청라면	126.651	36.406
4418036000	충청남도 보령시 남포면	126.58	36.291
4418038000	충청남도 보령시 주산면	126.63	36.211
4418039000	충청남도 보령시 미산면	126.692	36.245
4418040000	충청남도 보령시 성주면	126.658	36.324
4418041000	충청남도 보령시 주교면	126.562	36.378
4418051500	충청남도 보령시 대천1동	126.604	36.364
4418052500	충청남도 보령시 대천2동	126.574	36.356
4418053500	충청남도 보령시 대천3동	126.626	36.359
4418054500	충청남도 보령시 대천4동	126.614	36.332
4418056500	충청남도 보령시 대천5동	126.528	36.319
4420000000	충청남도 아산시	126.978	36.794
4420025000	충청남도 아산시 염치읍	126.976	36.825
4420025300	충청남도 아산시 배방읍	127.066	36.752
4420031000	충청남도 아산시 송악면	127.0	36.697
4420032000	충청남도 아산시 배방면	127.066	36.752
4420033000	충청남도 아산시 탕정면	127.072	36.808
4420035000	충청남도 아산시 음봉면	127.047	36.866
4420036000	충청남도 아산시 둔포면	127.045	36.907
4420037000	충청남도 아산시 영인면	126.972	36.885
4420038000	충청남도 아산시 인주면	126.885	36.862
4420039000	충청남도 아산시 선장면	126.882	36.791
4420040000	충청남도 아산시 도고면	126.903	36.737
4420041000	충청남도 아산시 신창면	126.944	36.782
4420051500	충청남도 아산시 온양온천1동	127.001	36.789
4420052500	충청남도 아산시 온양온천2동	127.003	36.779
4420053000	충청남도 아산시 권곡동	127.021	36.786
4420054000	충청남도 아산시 신정동	126.979	36.782
4420055000	충청남도 아산시 용화동	126.979	36.756
4420056000	충청남도 아산시 온주동	127.015	36.76
4420057000	충청남도 아산시 온양1동	127.001	36.789
4420058000	충청남도 아산시 온양2동	127.003	36.779
4420059000	충청남도 아산시 온양3동	127.021	36.786
4420060000	충청남도 아산시 온양4동	126.979	36.782
4420061000	충청남도 아산시 온양5동	126.979	36.756
4420062000	충청남도 아산시 온양6동	127.015	36.76
4421000000	충청남도 서산시	126.485	36.811
4421025000	충청남도 서산시 대산읍	126.406	36.965
4421031000	충청남도 서산시 인지면	126.421	36.747
4421032000	충청남도 서산시 부석면	126.399	36.684
4421033000	충청남도 서산시 팔봉면	126.369	36.814
4421034000	충청남도 서산시 지곡면	126.424	36.88
4421036000	충청남도 서산시 성연면	126.455	36.838
4421037000	충청남도 서산시 음암면	126.516	36.792
4421038000	충청남도 서산시 운산면	126.594	36.777
4421039000	충청남도 서산시 해미면	126.531	36.712
4421040000	충청남도 서산시 고북면	126.519	36.669
4421051000	충청남도 서산시 부춘동	126.434	36.791
4421052000	충청남도 서산시 동문동	126.469	36.795
4421052500	충청남도 서산시 동문1동	126.469	36.795
4421053000	충청남도 서산시 활성동	126.461	36.78
4421053500	충청남도 서산시 동문2동	126.461	36.78
4421054000	충청남도 서산시 수석동	126.482	36.766
4421055000	충청남도 서산시 석남동	126.47	36.745
4423000000	충청남도 논산시	127.16	36.201
4423025000	충청남도 논산시 강경읍	127.016	36.152
4423025300	충청남도 논산시 연무읍	127.104	36.108
4423031000	충청남도 논산시 성동면	127.026	36.199
4423032000	충청남도 논산시 광석면	127.085	36.243
4423033000	충청남도 논산시 노성면	127.098	36.289
4423034000	충청남도 논산시 상월면	127.17	36.285
4423035000	충청남도 논산시 부적면	127.148	36.206
4423036000	충청남도 논산시 연산면	127.193	36.228
4423037000	충청남도 논산시 두마면	127.261	36.254
4423037500	충청남도 논산시 두마면남선출장소	127.231	36.32
4423038000	충청남도 논산시 벌곡면	127.291	36.181
4423039000	충청남도 논산시 양촌면	127.238	36.145
4423040000	충청남도 논산시 가야곡면	127.166	36.133
4423041000	충청남도 논산시 은진면	127.104	36.164
4423042000	충청남도 논산시 채운면	127.052	36.161
4423051000	충청남도 논산시 취암동	127.105	36.193
4423052000	충청남도 논산시 부창동	127.076	36.195
4425000000	충청남도 계룡시	127.225	36.291
4425031000	충청남도 계룡시 두마면	127.261	36.254
4425031500	충청남도 계룡시 엄사면	127.219	36.276
4425032000	충청남도 계룡시 남선면	127.231	36.32
4425033000	충청남도 계룡시 신도안면	127.231	36.32
4425051000	충청남도 계룡시 금암동	127.252	36.271
4427000000	충청남도 당진시	126.646	36.907
4427025000	충청남도 당진시 합덕읍	126.795	36.79
4427025300	충청남도 당진시 송악읍	126.752	36.925
4427031000	충청남도 당진시 고대면	126.586	36.939
4427032000	충청남도 당진시 석문면	126.538	37.009
4427033000	충청남도 당진시 대호지면	126.519	36.917
4427034000	충청남도 당진시 정미면	126.573	36.864
4427035000	충청남도 당진시 면천면	126.654	36.818
4427036000	충청남도 당진시 순성면	126.715	36.848
4427037000	충청남도 당진시 우강면	126.802	36.832
4427038000	충청남도 당진시 신평면	126.78	36.886
4427039000	충청남도 당진시 송산면	126.678	36.953
4427051000	충청남도 당진시 당진1동	126.643	36.892
4427052000	충청남도 당진시 당진2동	126.633	36.863
4427053000	충청남도 당진시 당진3동	126.653	36.906
4471000000	충청남도 금산군	127.47	36.125
4471025000	충청남도 금산군 금산읍	127.469	36.095
4471031000	충청남도 금산군 금성면	127.466	36.14
4471032000	충청남도 금산군 제원면	127.555	36.132
4471033000	충청남도 금산군 부리면	127.573	36.052
4471034000	충청남도 금산군 군북면	127.526	36.169
4471035000	충청남도 금산군 남일면	127.508	36.038
4471036000	충청남도 금산군 남이면	127.438	36.043
4471037000	충청남도 금산군 진산면	127.357	36.149
4471038000	충청남도 금산군 복수면	127.387	36.211
4471039000	충청남도 금산군 추부면	127.492	36.205
4473000000	충청남도 연기군	127.275	36.536
4473011000	충청남도 연기군 조치원읍	127.286	36.608
4473025000	충청남도 연기군 조치원읍	127.286	36.608
4473031000	충청남도 연기군 동면	127.327	36.551
4473032000	충청남도 연기군 서면	127.24	36.584
4473032500	충청남도 연기군 서면봉암출장소	127.275	36.551
4473033000	충청남도 연기군 남면	127.294	36.508
4473033500	충청남도 연기군 남면첫마을출장소	127.279	36.544
4473034000	충청남도 연기군 금남면	127.314	36.463
4473035000	충청남도 연기군 전의면	127.18	36.655
4473036000	충청남도 연기군 전동면	127.249	36.656
4473037000	충청남도 연기군 소정면	127.169	36.711
4476000000	충청남도 부여군	126.871	36.228
4476025000	충청남도 부여군 부여읍	126.935	36.284
4476031000	충청남도 부여군 규암면	126.864	36.283
4476032000	충청남도 부여군 은산면	126.812	36.329
4476033000	충청남도 부여군 외산면	126.722	36.319
4476034000	충청남도 부여군 내산면	126.76	36.281
4476035000	충청남도 부여군 구룡면	126.821	36.26
4476036000	충청남도 부여군 홍산면	126.765	36.232
4476037000	충청남도 부여군 옥산면	126.723	36.206
4476038000	충청남도 부여군 남면	126.805	36.214
4476039000	충청남도 부여군 충화면	126.815	36.169
4476040000	충청남도 부여군 양화면	126.857	36.115
4476041000	충청남도 부여군 임천면	126.889	36.184
4476042000	충청남도 부여군 장암면	126.934	36.226
4476043000	충청남도 부여군 세도면	126.955	36.182
4476044000	충청남도 부여군 석성면	127.002	36.234
4476045000	충청남도 부여군 초촌면	127.031	36.267
4477000000	충청남도 서천군	126.735	36.097
4477011000	충청남도 서천군 장항읍	126.689	36.022
4477025000	충청남도 서천군 장항읍	126.689	36.022
4477025300	충청남도 서천군 서천읍	126.696	36.086
4477031000	충청남도 서천군 마서면	126.699	36.045
4477032000	충청남도 서천군 화양면	126.792	36.052
4477033000	충청남도 서천군 기산면	126.765	36.077
4477034000	충청남도 서천군 한산면	126.815	36.089
4477035000	충청남도 서천군 마산면	126.786	36.139
4477036000	충청남도 서천군 시초면	126.761	36.12
4477037000	충청남도 서천군 문산면	126.743	36.147
4477038000	충청남도 서천군 판교면	126.678	36.156
4477039000	충청남도 서천군 종천면	126.655	36.106
4477040000	충청남도 서천군 비인면	126.609	36.136
4477041000	충청남도 서천군 서면	126.553	36.162
4479000000	충청남도 청양군	126.848	36.443
4479025000	충청남도 청양군 청양읍	126.784	36.449
4479031000	충청남도 청양군 운곡면	126.857	36.523
4479032000	충청남도 청양군 대치면	126.857	36.446
4479033000	충청남도 청양군 정산면	126.929	36.421
4479034000	충청남도 청양군 목면	126.999	36.414
4479035000	충청남도 청양군 청남면	126.952	36.349
4479036000	충청남도 청양군 장평면	126.883	36.368
4479037000	충청남도 청양군 남양면	126.767	36.392
4479038000	충청남도 청양군 화성면	126.72	36.438
4479039000	충청남도 청양군 비봉면	126.782	36.495
4480000000	충청남도 홍성군	126.602	36.566
4480025000	충청남도 홍성군 홍성읍	126.663	36.591
4480025300	충청남도 홍성군 광천읍	126.637	36.505
4480025600	충청남도 홍성군 홍북읍	126.665	36.641
4480031000	충청남도 홍성군 홍북면	126.665	36.641
4480032000	충청남도 홍성군 금마면	126.733	36.611
4480033000	충청남도 홍성군 홍동면	126.701	36.556
4480034000	충청남도 홍성군 장곡면	126.708	36.502
4480035000	충청남도 홍성군 은하면	126.586	36.524
4480036000	충청남도 홍성군 결성면	126.549	36.549
4480037000	충청남도 홍성군 서부면	126.494	36.568
4480038000	충청남도 홍성군 갈산면	126.526	36.622
4480039000	충청남도 홍성군 구항면	126.609	36.577
4481000000	충청남도 예산군	126.85	36.665
4481025000	충청남도 예산군 예산읍	126.859	36.706
4481025300	충청남도 예산군 삽교읍	126.72	36.696
4481031000	충청남도 예산군 대술면	126.913	36.663
4481032000	충청남도 예산군 신양면	126.874	36.608
4481033000	충청남도 예산군 광시면	126.797	36.567
4481034000	충청남도 예산군 대흥면	126.832	36.632
4481035000	충청남도 예산군 응봉면	126.782	36.645
4481036000	충청남도 예산군 덕산면	126.631	36.677
4481037000	충청남도 예산군 봉산면	126.666	36.749
4481038000	충청남도 예산군 고덕면	126.729	36.756
4481039000	충청남도 예산군 신암면	126.808	36.747
4481040000	충청남도 예산군 오가면	126.793	36.692
4482500000	충청남도 태안군	126.243	36.782
4482525000	충청남도 태안군 태안읍	126.311	36.746
4482525300	충청남도 태안군 안면읍	126.361	36.525
4482531000	충청남도 태안군 고남면	126.39	36.432
4482532000	충청남도 태안군 남면	126.318	36.656
4482533000	충청남도 태안군 근흥면	126.232	36.717
4482534000	충청남도 태안군 소원면	126.18	36.778
4482535000	충청남도 태안군 원북면	126.221	36.842
4482536000	충청남도 태안군 이원면	126.299	36.905
4483000000	충청남도 당진군	126.646	36.907
4483025000	충청남도 당진군 당진읍	126.643	36.892
4483025300	충청남도 당진군 합덕읍	126.795	36.79
4483025600	충청남도 당진군 송악읍	126.752	36.925
4483031000	충청남도 당진군 고대면	126.586	36.939
4483032000	충청남도 당진군 석문면	126.538	37.009
4483033000	충청남도 당진군 대호지면	126.519	36.917
4483034000	충청남도 당진군 정미면	126.573	36.864
4483035000	충청남도 당진군 면천면	126.654	36.818
4483036000	충청남도 당진군 순성면	126.715	36.848
4483037000	충청남도 당진군 우강면	126.802	36.832
4483038000	충청남도 당진군 신평면	126.78	36.886
4483039000	충청남도 당진군 송악면	126.752	36.925
4483040000	충청남도 당진군 송산면	126.678	36.953
4500000000	전라북도	127.156	35.736
4511100000	전라북도 전주시 완산구	127.133	35.787
4511151000	전라북도 전주시 완산구 중앙동	127.141	35.82
4511153000	전라북도 전주시 완산구 풍남동	127.158	35.815
4511157000	전라북도 전주시 완산구 교동	127.158	35.815
4511158500	전라북도 전주시 완산구 태평동	127.141	35.82
4511160000	전라북도 전주시 완산구 중노송1동	127.153	35.824
4511160500	전라북도 전주시 완산구 노송동	127.153	35.824
4511161000	전라북도 전주시 완산구 중노송2동	127.151	35.825
4511162000	전라북도 전주시 완산구 남노송동	127.153	35.824
4511163000	전라북도 전주시 완산구 동완산동	127.134	35.808
4511163500	전라북도 전주시 완산구 완산동	127.134	35.808
4511164000	전라북도 전주시 완산구 서완산동	127.134	35.808
4511165000	전라북도 전주시 완산구 동서학동	127.185	35.792
4511166000	전라북도 전주시 완산구 서서학동	127.151	35.795
4511167100	전라북도 전주시 완산구 중화산1동	127.131	35.814
4511167200	전라북도 전주시 완산구 중화산2동	127.121	35.819
4511168000	전라북도 전주시 완산구 서신동	127.115	35.835
4511169100	전라북도 전주시 완산구 평화1동	127.142	35.792
4511169200	전라북도 전주시 완산구 평화2동	127.13	35.775
4511170100	전라북도 전주시 완산구 삼천1동	127.127	35.8
4511170200	전라북도 전주시 완산구 삼천2동	127.123	35.795
4511170300	전라북도 전주시 완산구 삼천3동	127.085	35.769
4511171100	전라북도 전주시 완산구 효자1동	127.132	35.805
4511171200	전라북도 전주시 완산구 효자2동	127.12	35.809
4511171300	전라북도 전주시 완산구 효자3동	127.113	35.806
4511171400	전라북도 전주시 완산구 효자4동	127.09	35.817
4511173000	전라북도 전주시 완산구 효자5동	127.093	35.827
4511300000	전라북도 전주시 덕진구	127.125	35.852
4511351000	전라북도 전주시 덕진구 서노송동	127.153	35.824
4511352000	전라북도 전주시 덕진구 진북1동	127.132	35.826
4511352500	전라북도 전주시 덕진구 진북동	127.132	35.826
4511353000	전라북도 전주시 덕진구 진북2동	127.132	35.826
4511354000	전라북도 전주시 덕진구 인후1동	127.155	35.837
4511355000	전라북도 전주시 덕진구 인후2동	127.148	35.84
4511356000	전라북도 전주시 덕진구 인후3동	127.164	35.828
4511357000	전라북도 전주시 덕진구 덕진동	127.131	35.851
4511358000	전라북도 전주시 덕진구 금암1동	127.133	35.838
4511359000	전라북도 전주시 덕진구 금암2동	127.142	35.843
4511360000	전라북도 전주시 덕진구 팔복동	127.1	35.856
4511361100	전라북도 전주시 덕진구 우아1동	127.159	35.851
4511361200	전라북도 전주시 덕진구 우아2동	127.189	35.83
4511362000	전라북도 전주시 덕진구 호성동	127.148	35.876
4511364100	전라북도 전주시 덕진구 송천1동	127.132	35.866
4511364200	전라북도 전주시 덕진구 송천2동	127.113	35.876
4511365000	전라북도 전주시 덕진구 조촌동	127.041	35.875
4511366000	전라북도 전주시 덕진구 동산동	127.062	35.862
4511366500	전라북도 전주시 덕진구 여의동	127.062	35.862
4511367000	전라북도 전주시 덕진구 혁신동	127.062	35.831
4513000000	전라북도 군산시	126.713	35.971
4513025000	전라북도 군산시 옥구읍	126.69	35.913
4513031000	전라북도 군산시 옥산면	126.742	35.937
4513032000	전라북도 군산시 회현면	126.767	35.912
4513033000	전라북도 군산시 임피면	126.846	35.978
4513034000	전라북도 군산시 서수면	126.881	36.003
4513035000	전라북도 군산시 대야면	126.843	35.942
4513036000	전라북도 군산시 개정면	126.787	35.962
4513037000	전라북도 군산시 성산면	126.797	36.001
4513038000	전라북도 군산시 나포면	126.829	36.026
4513039000	전라북도 군산시 옥도면	126.427	35.802
4513040000	전라북도 군산시 옥서면	126.63	35.915
4513051500	전라북도 군산시 해신동	126.699	35.991
4513053000	전라북도 군산시 월명동	126.714	35.988
4513054000	전라북도 군산시 오룡동	126.71	35.979
4513055000	전라북도 군산시 신풍동	126.7	35.977
4513056000	전라북도 군산시 삼학동	126.71	35.979
4513057000	전라북도 군산시 선양동	126.714	35.988
4513060500	전라북도 군산시 중앙동	126.724	35.989
4513061500	전라북도 군산시 중미동	126.72	35.976
4513064000	전라북도 군산시 흥남동	126.72	35.976
4513065000	전라북도 군산시 조촌동	126.738	35.971
4513066000	전라북도 군산시 경암동	126.733	35.986
4513067000	전라북도 군산시 구암동	126.749	35.995
4513068000	전라북도 군산시 개정동	126.755	35.968
4513069000	전라북도 군산시 수송동	126.717	35.958
4513070100	전라북도 군산시 나운1동	126.696	35.97
4513070200	전라북도 군산시 나운2동	126.705	35.965
4513070300	전라북도 군산시 나운3동	126.685	35.947
4513071000	전라북도 군산시 소룡동	126.564	35.962
4513072000	전라북도 군산시 미성동	126.628	35.953
4514000000	전라북도 익산시	127.006	36.019
4514025000	전라북도 익산시 함열읍	126.967	36.06
4514031000	전라북도 익산시 오산면	126.906	35.944
4514032000	전라북도 익산시 황등면	126.94	36.024
4514033000	전라북도 익산시 함라면	126.899	36.041
4514034000	전라북도 익산시 웅포면	126.894	36.092
4514035000	전라북도 익산시 성당면	126.926	36.1
4514036000	전라북도 익산시 용안면	126.958	36.12
4514037000	전라북도 익산시 낭산면	127.023	36.063
4514038000	전라북도 익산시 망성면	127.039	36.112
4514039000	전라북도 익산시 여산면	127.099	36.051
4514040000	전라북도 익산시 금마면	127.037	36.009
4514041000	전라북도 익산시 왕궁면	127.08	35.973
4514042000	전라북도 익산시 춘포면	127.027	35.927
4514043000	전라북도 익산시 삼기면	126.992	36.018
4514044000	전라북도 익산시 용동면	127.0	36.109
4514052000	전라북도 익산시 중앙동	126.949	35.939
4514053000	전라북도 익산시 평화동	126.928	35.924
4514056000	전라북도 익산시 인화동	126.949	35.925
4514057000	전라북도 익산시 동산동	126.969	35.916
4514058000	전라북도 익산시 마동	126.963	35.941
4514059500	전라북도 익산시 남중동	126.956	35.948
4514061000	전라북도 익산시 모현동	126.942	35.953
4514062000	전라북도 익산시 송학동	126.935	35.941
4514064500	전라북도 익산시 영등동	126.972	35.953
4514064600	전라북도 익산시 영등1동	126.972	35.953
4514064700	전라북도 익산시 영등2동	126.972	35.967
4514065200	전라북도 익산시 어양동	126.984	35.96
4514065600	전라북도 익산시 신동	126.945	35.972
4514067000	전라북도 익산시 팔봉동	127.012	35.96
4514069000	전라북도 익산시 삼성동	126.984	35.978
4518000000	전라북도 정읍시	126.908	35.61
4518025000	전라북도 정읍시 신태인읍	126.879	35.701
4518031000	전라북도 정읍시 북면	126.907	35.599
4518032000	전라북도 정읍시 입암면	126.8	35.506
4518033000	전라북도 정읍시 소성면	126.785	35.553
4518034000	전라북도 정읍시 고부면	126.76	35.603
4518035000	전라북도 정읍시 영원면	126.769	35.655
4518036000	전라북도 정읍시 덕천면	126.826	35.63
4518037000	전라북도 정읍시 이평면	126.829	35.669
4518038000	전라북도 정읍시 정우면	126.891	35.646
4518039000	전라북도 정읍시 태인면	126.936	35.647
4518040000	전라북도 정읍시 감곡면	126.905	35.722
4518041000	전라북도 정읍시 옹동면	126.986	35.651
4518042000	전라북도 정읍시 칠보면	126.967	35.578
4518043000	전라북도 정읍시 산내면	127.034	35.551
4518044000	전라북도 정읍시 산외면	127.053	35.629
4518051000	전라북도 정읍시 수성동	126.86	35.585
4518052000	전라북도 정읍시 장명동	126.88	35.57
4518053500	전라북도 정읍시 내장상동	126.903	35.522
4518054500	전라북도 정읍시 시기동	126.856	35.564
4518056000	전라북도 정읍시 시기3동	126.854	35.556
4518056500	전라북도 정읍시 초산동	126.854	35.556
4518057000	전라북도 정읍시 연지동	126.843	35.572
4518058000	전라북도 정읍시 농소동	126.829	35.595
4518059500	전라북도 정읍시 상교동	126.852	35.52
4519000000	전라북도 남원시	127.48	35.432
4519025000	전라북도 남원시 운봉읍	127.539	35.425
4519031000	전라북도 남원시 주천면	127.456	35.382
4519032000	전라북도 남원시 수지면	127.369	35.334
4519033000	전라북도 남원시 송동면	127.339	35.35
4519034000	전라북도 남원시 주생면	127.302	35.382
4519035000	전라북도 남원시 금지면	127.279	35.339
4519036000	전라북도 남원시 대강면	127.233	35.371
4519037000	전라북도 남원시 대산면	127.322	35.428
4519038000	전라북도 남원시 사매면	127.351	35.478
4519039000	전라북도 남원시 덕과면	127.365	35.523
4519040000	전라북도 남원시 보절면	127.427	35.511
4519041000	전라북도 남원시 산동면	127.481	35.502
4519042000	전라북도 남원시 이백면	127.458	35.431
4519045000	전라북도 남원시 아영면	127.599	35.508
4519046000	전라북도 남원시 산내면	127.587	35.38
4519047000	전라북도 남원시 인월면	127.607	35.463
4519051000	전라북도 남원시 동충동	127.384	35.412
4519052000	전라북도 남원시 죽항동	127.383	35.407
4519054000	전라북도 남원시 노암동	127.388	35.396
4519055000	전라북도 남원시 금동	127.366	35.398
4519056000	전라북도 남원시 왕정동	127.359	35.411
4519057000	전라북도 남원시 향교동	127.372	35.44
4519059000	전라북도 남원시 도통동	127.412	35.44
4521000000	전라북도 김제시	126.912	35.793
4521025000	전라북도 김제시 만경읍	126.818	35.867
4521032000	전라북도 김제시 죽산면	126.812	35.769
4521033000	전라북도 김제시 백산면	126.9	35.846
4521034000	전라북도 김제시 용지면	126.973	35.847
4521035000	전라북도 김제시 백구면	126.963	35.889
4521036000	전라북도 김제시 부량면	126.844	35.738
4521038000	전라북도 김제시 공덕면	126.901	35.886
4521039000	전라북도 김제시 청하면	126.85	35.89
4521040000	전라북도 김제시 성덕면	126.816	35.822
4521041000	전라북도 김제시 진봉면	126.752	35.848
4521042000	전라북도 김제시 금구면	127.025	35.782
4521043000	전라북도 김제시 봉남면	126.951	35.745
4521044000	전라북도 김제시 황산면	126.963	35.789
4521045000	전라북도 김제시 금산면	127.026	35.713
4521046000	전라북도 김제시 광활면	126.749	35.827
4521051000	전라북도 김제시 요촌동	126.894	35.82
4521052000	전라북도 김제시 신풍동	126.922	35.774
4521054000	전라북도 김제시 검산동	126.923	35.817
4521056500	전라북도 김제시 교동월촌동	126.865	35.786
4521058000	전라북도 김제시 교월동	126.865	35.786
4571000000	전라북도 완주군	127.245	35.875
4571025000	전라북도 완주군 삼례읍	127.08	35.916
4571025300	전라북도 완주군 봉동읍	127.142	35.95
4571025600	전라북도 완주군 용진읍	127.181	35.897
4571031000	전라북도 완주군 용진면	127.181	35.897
4571032000	전라북도 완주군 상관면	127.217	35.755
4571033000	전라북도 완주군 이서면	127.024	35.828
4571034000	전라북도 완주군 소양면	127.253	35.859
4571035000	전라북도 완주군 구이면	127.1	35.701
4571036000	전라북도 완주군 고산면	127.22	35.968
4571037000	전라북도 완주군 비봉면	127.166	36.009
4571038000	전라북도 완주군 운주면	127.329	36.06
4571039000	전라북도 완주군 화산면	127.205	36.047
4571040000	전라북도 완주군 동상면	127.298	35.935
4571041000	전라북도 완주군 경천면	127.283	36.039
4572000000	전라북도 진안군	127.457	35.823
4572025000	전라북도 진안군 진안읍	127.439	35.778
4572031000	전라북도 진안군 용담면	127.486	35.947
4572032000	전라북도 진안군 안천면	127.552	35.905
4572033000	전라북도 진안군 동향면	127.574	35.837
4572034000	전라북도 진안군 상전면	127.5	35.844
4572035000	전라북도 진안군 백운면	127.415	35.676
4572036000	전라북도 진안군 성수면	127.318	35.727
4572037000	전라북도 진안군 마령면	127.372	35.74
4572038000	전라북도 진안군 부귀면	127.374	35.844
4572039000	전라북도 진안군 정천면	127.436	35.882
4572040000	전라북도 진안군 주천면	127.397	35.97
4573000000	전라북도 무주군	127.716	35.928
4573025000	전라북도 무주군 무주읍	127.663	36.012
4573031000	전라북도 무주군 무풍면	127.845	35.925
4573032000	전라북도 무주군 설천면	127.78	35.938
4573033000	전라북도 무주군 적상면	127.665	35.936
4573034000	전라북도 무주군 안성면	127.681	35.84
4573035000	전라북도 무주군 부남면	127.565	35.958
4574000000	전라북도 장수군	127.55	35.654
4574025000	전라북도 장수군 장수읍	127.525	35.62
4574031000	전라북도 장수군 산서면	127.412	35.584
4574032000	전라북도 장수군 번암면	127.514	35.556
4574033500	전라북도 장수군 장계면	127.631	35.71
4574034000	전라북도 장수군 천천면	127.527	35.737
4574035000	전라북도 장수군 계남면	127.577	35.69
4574036000	전라북도 장수군 계북면	127.635	35.794
4575000000	전라북도 임실군	127.261	35.618
4575025000	전라북도 임실군 임실읍	127.268	35.589
4575031000	전라북도 임실군 청웅면	127.219	35.56
4575032000	전라북도 임실군 운암면	127.159	35.614
4575033000	전라북도 임실군 신평면	127.233	35.647
4575034000	전라북도 임실군 성수면	127.37	35.623
4575035500	전라북도 임실군 오수면	127.329	35.539
4575036000	전라북도 임실군 신덕면	127.185	35.692
4575037000	전라북도 임실군 삼계면	127.261	35.512
4575038000	전라북도 임실군 관촌면	127.273	35.708
4575039000	전라북도 임실군 강진면	127.141	35.544
4575040000	전라북도 임실군 덕치면	127.172	35.498
4575041000	전라북도 임실군 지사면	127.358	35.579
4577000000	전라북도 순창군	127.171	35.428
4577025000	전라북도 순창군 순창읍	127.131	35.372
4577031000	전라북도 순창군 인계면	127.149	35.421
4577032000	전라북도 순창군 동계면	127.256	35.455
4577033000	전라북도 순창군 풍산면	127.143	35.331
4577034000	전라북도 순창군 금과면	127.084	35.334
4577035000	전라북도 순창군 팔덕면	127.074	35.39
4577036000	전라북도 순창군 쌍치면	126.993	35.507
4577037000	전라북도 순창군 복흥면	126.948	35.445
4577038000	전라북도 순창군 적성면	127.213	35.431
4577039000	전라북도 순창군 유등면	127.185	35.374
4577040000	전라북도 순창군 구림면	127.09	35.461
4579000000	전라북도 고창군	126.59	35.438
4579025000	전라북도 고창군 고창읍	126.712	35.43
4579031000	전라북도 고창군 고수면	126.693	35.389
4579032000	전라북도 고창군 아산면	126.616	35.464
4579033000	전라북도 고창군 무장면	126.573	35.412
4579034000	전라북도 고창군 공음면	126.531	35.384
4579035000	전라북도 고창군 상하면	126.48	35.446
4579036000	전라북도 고창군 해리면	126.501	35.481
4579037000	전라북도 고창군 성송면	126.639	35.373
4579038000	전라북도 고창군 대산면	126.571	35.343
4579039000	전라북도 고창군 심원면	126.539	35.507
4579040000	전라북도 고창군 흥덕면	126.698	35.536
4579041000	전라북도 고창군 성내면	126.74	35.534
4579042000	전라북도 고창군 신림면	126.726	35.478
4579043000	전라북도 고창군 부안면	126.639	35.524
4580000000	전라북도 부안군	126.652	35.685
4580025000	전라북도 부안군 부안읍	126.75	35.709
4580031000	전라북도 부안군 주산면	126.715	35.668
4580032000	전라북도 부안군 동진면	126.741	35.756
4580033000	전라북도 부안군 행안면	126.706	35.725
4580034000	전라북도 부안군 계화면	126.671	35.77
4580035000	전라북도 부안군 보안면	126.669	35.621
4580036000	전라북도 부안군 변산면	126.527	35.64
4580037000	전라북도 부안군 진서면	126.572	35.603
4580038000	전라북도 부안군 백산면	126.803	35.707
4580039000	전라북도 부안군 상서면	126.65	35.67
4580040000	전라북도 부안군 하서면	126.629	35.714
4580041000	전라북도 부안군 줄포면	126.691	35.596
4580042000	전라북도 부안군 위도면	126.277	35.594
4600000000	전라남도	127.072	34.975
4611000000	전라남도 목포시	126.412	34.812
4611051000	전라남도 목포시 용당1동	126.394	34.806
4611052000	전라남도 목포시 용당2동	126.4	34.8
4611053000	전라남도 목포시 산정1동	126.384	34.807
4611053500	전라남도 목포시 연동	126.393	34.798
4611054000	전라남도 목포시 산정2동	126.389	34.802
4611054500	전라남도 목포시 산정동	126.384	34.807
4611055000	전라남도 목포시 산정3동	126.384	34.807
4611055400	전라남도 목포시 연산동	126.383	34.819
4611055800	전라남도 목포시 원산동	126.376	34.808
4611056500	전라남도 목포시 대성동	126.383	34.799
4611058500	전라남도 목포시 남양동	126.383	34.799
4611059000	전라남도 목포시 북교동	126.381	34.793
4611059500	전라남도 목포시 목원동	126.381	34.793
4611063000	전라남도 목포시 무안동	126.381	34.793
4611064000	전라남도 목포시 동명동	126.393	34.79
4611064500	전라남도 목포시 삼학동	126.403	34.79
4611065500	전라남도 목포시 만호동	126.395	34.784
4611066000	전라남도 목포시 유달동	126.316	34.774
4611067000	전라남도 목포시 만호동	126.395	34.784
4611069500	전라남도 목포시 죽교동	126.374	34.799
4611070500	전라남도 목포시 북항동	126.368	34.806
4611071500	전라남도 목포시 죽교동	126.374	34.799
4611074500	전라남도 목포시 용해동	126.4	34.818
4611075000	전라남도 목포시 이로동	126.41	34.797
4611075100	전라남도 목포시 용해동	126.4	34.818
4611075600	전라남도 목포시 상동	126.414	34.818
4611075700	전라남도 목포시 하당동	126.421	34.81
4611075800	전라남도 목포시 신흥동	126.424	34.8
4611076000	전라남도 목포시 충무동	126.316	34.774
4611078000	전라남도 목포시 삼향동	126.413	34.832
4611079000	전라남도 목포시 옥암동	126.432	34.813
4611080000	전라남도 목포시 부흥동	126.435	34.802
4611081000	전라남도 목포시 부주동	126.448	34.804
4613000000	전라남도 여수시	127.67	34.764
4613025000	전라남도 여수시 돌산읍	127.77	34.659
4613025100	전라남도 여수시 돌산읍우두출장소	127.75	34.719
4613025200	전라남도 여수시 돌산읍죽포출장소	127.782	34.641
4613029000	전라남도 여수시 돌산읍우두출장소	127.75	34.719
4613029100	전라남도 여수시 돌산읍죽포출장소	127.782	34.641
4613031000	전라남도 여수시 소라면	127.605	34.788
4613032000	전라남도 여수시 율촌면	127.577	34.854
4613033000	전라남도 여수시 화양면	127.589	34.686
4613034000	전라남도 여수시 남면	127.754	34.52
4613034500	전라남도 여수시 남면연도출장소	127.801	34.439
4613034600	전라남도 여수시 남면안도출장소	127.804	34.488
4613034700	전라남도 여수시 남면화태출장소	127.732	34.585
4613035000	전라남도 여수시 화정면	127.663	34.569
4613035500	전라남도 여수시 화정면낭도출장소	127.541	34.606
4613035600	전라남도 여수시 화정면개도출장소	127.662	34.571
4613035700	전라남도 여수시 화정면여자출장소	127.5	34.755
4613036000	전라남도 여수시 삼산면	127.245	34.23
4613036500	전라남도 여수시 삼산면초도출장소	127.247	34.237
4613036600	전라남도 여수시 삼산면손죽출장소	127.361	34.285
4613051500	전라남도 여수시 동문동	127.743	34.742
4613053500	전라남도 여수시 한려동	127.746	34.745
4613057000	전라남도 여수시 중앙동	127.738	34.737
4613060000	전라남도 여수시 충무동	127.73	34.75
4613062500	전라남도 여수시 광림동	127.719	34.755
4613063500	전라남도 여수시 서강동	127.718	34.742
4613065500	전라남도 여수시 대교동	127.727	34.735
4613067000	전라남도 여수시 국동	127.715	34.731
4613068500	전라남도 여수시 월호동	127.699	34.731
4613070000	전라남도 여수시 여서동	127.706	34.748
4613071000	전라남도 여수시 문수동	127.697	34.752
4613073000	전라남도 여수시 미평동	127.708	34.774
4613074000	전라남도 여수시 둔덕동	127.697	34.777
4613076500	전라남도 여수시 만덕동	127.731	34.777
4613078000	전라남도 여수시 쌍봉동	127.651	34.747
4613079000	전라남도 여수시 시전동	127.678	34.75
4613080000	전라남도 여수시 여천동	127.658	34.777
4613081000	전라남도 여수시 주삼동	127.671	34.791
4613082000	전라남도 여수시 삼일동	127.703	34.826
4613083000	전라남도 여수시 묘도동	127.72	34.883
4615000000	전라남도 순천시	127.371	35.009
4615025000	전라남도 순천시 승주읍	127.369	35.019
4615031000	전라남도 순천시 해룡면	127.557	34.9
4615031500	전라남도 순천시 해룡면상삼출장소	127.534	34.949
4615031600	전라남도 순천시 해룡면신대출장소	127.551	34.93
4615032000	전라남도 순천시 서면	127.486	35.029
4615033000	전라남도 순천시 황전면	127.464	35.12
4615034000	전라남도 순천시 월등면	127.377	35.092
4615035000	전라남도 순천시 주암면	127.253	35.07
4615036000	전라남도 순천시 송광면	127.258	34.984
4615037000	전라남도 순천시 외서면	127.271	34.919
4615038000	전라남도 순천시 낙안면	127.355	34.924
4615039000	전라남도 순천시 별량면	127.429	34.869
4615040000	전라남도 순천시 상사면	127.411	34.943
4615051500	전라남도 순천시 향동	127.437	34.973
4615054000	전라남도 순천시 매곡동	127.48	34.962
4615055000	전라남도 순천시 삼산동	127.466	34.984
4615056000	전라남도 순천시 조곡동	127.498	34.956
4615057000	전라남도 순천시 덕연동	127.517	34.943
4615058000	전라남도 순천시 풍덕동	127.506	34.933
4615059000	전라남도 순천시 남제동	127.48	34.941
4615060000	전라남도 순천시 저전동	127.477	34.948
4615061000	전라남도 순천시 장천동	127.49	34.949
4615062000	전라남도 순천시 중앙동	127.487	34.957
4615063500	전라남도 순천시 도사동	127.495	34.906
4615066000	전라남도 순천시 왕조동	127.528	34.966
4615066100	전라남도 순천시 왕조1동	127.528	34.966
4615066500	전라남도 순천시 왕조2동	127.534	34.957
4617000000	전라남도 나주시	126.741	34.989
4617025000	전라남도 나주시 남평읍	126.853	35.017
4617031000	전라남도 나주시 세지면	126.727	34.931
4617032000	전라남도 나주시 왕곡면	126.662	34.961
4617033000	전라남도 나주시 반남면	126.653	34.917
4617034000	전라남도 나주시 공산면	126.596	34.953
4617035000	전라남도 나주시 동강면	126.562	34.926
4617036000	전라남도 나주시 다시면	126.631	35.016
4617037000	전라남도 나주시 문평면	126.617	35.066
4617038000	전라남도 나주시 노안면	126.72	35.08
4617039000	전라남도 나주시 금천면	126.757	35.021
4617040000	전라남도 나주시 산포면	126.815	35.027
4617042000	전라남도 나주시 다도면	126.84	34.94
4617043000	전라남도 나주시 봉황면	126.778	34.934
4617051000	전라남도 나주시 송월동	126.722	35.017
4617052000	전라남도 나주시 영강동	126.693	35.01
4617054000	전라남도 나주시 금남동	126.699	35.037
4617055000	전라남도 나주시 성북동	126.724	35.049
4617058000	전라남도 나주시 영산동	126.739	34.991
4617060000	전라남도 나주시 이창동	126.683	34.987
4617062000	전라남도 나주시 빛가람동	126.79	35.019
4623000000	전라남도 광양시	127.663	35.036
4623025000	전라남도 광양시 광양읍	127.597	34.947
4623031000	전라남도 광양시 봉강면	127.564	35.043
4623032000	전라남도 광양시 옥룡면	127.615	35.053
4623033000	전라남도 광양시 옥곡면	127.674	35.0
4623034000	전라남도 광양시 진상면	127.685	35.053
4623035000	전라남도 광양시 진월면	127.759	35.007
4623036000	전라남도 광양시 다압면	127.63	35.117
4623051500	전라남도 광양시 골약동	127.656	34.933
4623053000	전라남도 광양시 중마동	127.7	34.941
4623054000	전라남도 광양시 광영동	127.722	34.958
4623055000	전라남도 광양시 금호동	127.741	34.921
4623057000	전라남도 광양시 태인동	127.755	34.947
4671000000	전라남도 담양군	126.976	35.291
4671025000	전라남도 담양군 담양읍	126.98	35.32
4671031000	전라남도 담양군 봉산면	126.964	35.273
4671032000	전라남도 담양군 고서면	126.975	35.219
4671033000	전라남도 담양군 남면	127.041	35.157
4671033500	전라남도 담양군 남면	127.041	35.157
4671034000	전라남도 담양군 창평면	127.023	35.23
4671035000	전라남도 담양군 대덕면	127.07	35.229
4671036000	전라남도 담양군 무정면	127.055	35.28
4671037000	전라남도 담양군 금성면	127.039	35.343
4671038000	전라남도 담양군 용면	127.012	35.405
4671039000	전라남도 담양군 월산면	126.935	35.366
4671040000	전라남도 담양군 수북면	126.93	35.298
4671041000	전라남도 담양군 대전면	126.891	35.285
4672000000	전라남도 곡성군	127.285	35.204
4672025000	전라남도 곡성군 곡성읍	127.27	35.277
4672031000	전라남도 곡성군 오곡면	127.316	35.236
4672032000	전라남도 곡성군 삼기면	127.229	35.216
4672033000	전라남도 곡성군 석곡면	127.236	35.15
4672034000	전라남도 곡성군 목사동면	127.296	35.109
4672035000	전라남도 곡성군 죽곡면	127.349	35.16
4672036000	전라남도 곡성군 고달면	127.358	35.273
4672037000	전라남도 곡성군 옥과면	127.133	35.295
4672038000	전라남도 곡성군 입면	127.202	35.297
4672039000	전라남도 곡성군 겸면	127.18	35.25
4672040000	전라남도 곡성군 오산면	127.119	35.242
4673000000	전라남도 구례군	127.502	35.231
4673025000	전라남도 구례군 구례읍	127.427	35.2
4673031000	전라남도 구례군 문척면	127.495	35.163
4673032000	전라남도 구례군 간전면	127.562	35.148
4673033000	전라남도 구례군 토지면	127.565	35.248
4673034000	전라남도 구례군 마산면	127.503	35.248
4673035000	전라남도 구례군 광의면	127.462	35.262
4673036000	전라남도 구례군 용방면	127.425	35.248
4673037000	전라남도 구례군 산동면	127.482	35.32
4677000000	전라남도 고흥군	127.355	34.635
4677025000	전라남도 고흥군 고흥읍	127.256	34.603
4677025300	전라남도 고흥군 도양읍	127.137	34.56
4677025400	전라남도 고흥군 도양읍소록출장소	127.127	34.516
4677025500	전라남도 고흥군 도양읍시산출장소	127.26	34.395
4677029000	전라남도 고흥군 도양읍소록출장소	127.127	34.516
4677029100	전라남도 고흥군 도양읍시산출장소	127.26	34.395
4677031000	전라남도 고흥군 풍양면	127.242	34.555
4677032000	전라남도 고흥군 도덕면	127.178	34.584
4677033000	전라남도 고흥군 금산면	127.165	34.458
4677034000	전라남도 고흥군 도화면	127.332	34.496
4677035000	전라남도 고흥군 포두면	127.345	34.572
4677036000	전라남도 고흥군 봉래면	127.509	34.444
4677037000	전라남도 고흥군 점암면	127.417	34.634
4677038000	전라남도 고흥군 과역면	127.372	34.692
4677039000	전라남도 고흥군 남양면	127.351	34.737
4677040000	전라남도 고흥군 동강면	127.333	34.799
4677041000	전라남도 고흥군 대서면	127.287	34.762
4677042000	전라남도 고흥군 두원면	127.258	34.668
4677044000	전라남도 고흥군 영남면	127.455	34.606
4677045000	전라남도 고흥군 동일면	127.458	34.512
4678000000	전라남도 보성군	127.171	34.812
4678025000	전라남도 보성군 보성읍	127.066	34.753
4678025300	전라남도 보성군 벌교읍	127.303	34.846
4678031000	전라남도 보성군 노동면	127.054	34.815
4678032000	전라남도 보성군 미력면	127.104	34.806
4678033000	전라남도 보성군 겸백면	127.152	34.833
4678034000	전라남도 보성군 율어면	127.205	34.865
4678035000	전라남도 보성군 복내면	127.133	34.897
4678036000	전라남도 보성군 문덕면	127.18	34.941
4678037000	전라남도 보성군 조성면	127.243	34.801
4678038000	전라남도 보성군 득량면	127.164	34.745
4678038500	전라남도 보성군 득량면예당출장소	127.197	34.78
4678039000	전라남도 보성군 회천면	127.074	34.685
4678040000	전라남도 보성군 웅치면	127.02	34.709
4679000000	전라남도 화순군	127.03	35.019
4679025000	전라남도 화순군 화순읍	126.952	35.064
4679031000	전라남도 화순군 한천면	127.018	34.974
4679031500	전라남도 화순군 한천면영외출장소	127.072	34.974
4679032000	전라남도 화순군 춘양면	126.951	34.938
4679033000	전라남도 화순군 청풍면	126.957	34.881
4679034000	전라남도 화순군 이양면	127.036	34.895
4679035000	전라남도 화순군 능주면	126.955	35.003
4679036000	전라남도 화순군 도곡면	126.903	35.006
4679037000	전라남도 화순군 도암면	126.895	34.919
4679038000	전라남도 화순군 이서면	127.072	35.104
4679039000	전라남도 화순군 북면	127.129	35.165
4679039500	전라남도 화순군 백아면	127.129	35.165
4679040000	전라남도 화순군 동복면	127.145	35.083
4679041000	전라남도 화순군 남면	127.116	34.997
4679041500	전라남도 화순군 사평면	127.117	34.997
4679042000	전라남도 화순군 동면	127.046	35.038
4680000000	전라남도 장흥군	126.958	34.649
4680025000	전라남도 장흥군 장흥읍	126.9	34.672
4680025300	전라남도 장흥군 관산읍	126.933	34.549
4680025600	전라남도 장흥군 대덕읍	126.882	34.483
4680031000	전라남도 장흥군 용산면	126.924	34.616
4680032000	전라남도 장흥군 안양면	126.989	34.655
4680033000	전라남도 장흥군 장동면	126.975	34.747
4680034000	전라남도 장흥군 장평면	126.967	34.805
4680035000	전라남도 장흥군 유치면	126.856	34.795
4680036000	전라남도 장흥군 부산면	126.907	34.736
4680037000	전라남도 장흥군 회진면	126.926	34.476
4681000000	전라남도 강진군	126.731	34.618
4681025000	전라남도 강진군 강진읍	126.741	34.628
4681031000	전라남도 강진군 군동면	126.825	34.643
4681032000	전라남도 강진군 칠량면	126.832	34.575
4681033000	전라남도 강진군 대구면	126.817	34.506
4681034000	전라남도 강진군 도암면	126.728	34.571
4681035000	전라남도 강진군 신전면	126.722	34.495
4681036000	전라남도 강진군 성전면	126.703	34.711
4681037000	전라남도 강진군 작천면	126.756	34.714
4681038000	전라남도 강진군 병영면	126.828	34.706
4681039000	전라남도 강진군 옴천면	126.785	34.76
4681040000	전라남도 강진군 마량면	126.831	34.476
4682000000	전라남도 해남군	126.564	34.527
4682025000	전라남도 해남군 해남읍	126.577	34.559
4682031000	전라남도 해남군 삼산면	126.618	34.502
4682032000	전라남도 해남군 화산면	126.49	34.477
4682033000	전라남도 해남군 현산면	126.567	34.449
4682034000	전라남도 해남군 송지면	126.545	34.36
4682035000	전라남도 해남군 북평면	126.603	34.389
4682036000	전라남도 해남군 북일면	126.68	34.463
4682037000	전라남도 해남군 옥천면	126.661	34.558
4682038000	전라남도 해남군 계곡면	126.633	34.643
4682039000	전라남도 해남군 마산면	126.572	34.629
4682040000	전라남도 해남군 황산면	126.443	34.568
4682041000	전라남도 해남군 산이면	126.417	34.662
4682042000	전라남도 해남군 문내면	126.328	34.607
4682043000	전라남도 해남군 화원면	126.303	34.699
4683000000	전라남도 영암군	126.668	34.805
4683025000	전라남도 영암군 영암읍	126.736	34.788
4683025300	전라남도 영암군 삼호읍	126.445	34.745
4683025400	전라남도 영암군 삼호읍서부출장소	126.376	34.749
4683031000	전라남도 영암군 덕진면	126.702	34.832
4683032000	전라남도 영암군 금정면	126.791	34.852
4683033000	전라남도 영암군 신북면	126.701	34.893
4683034000	전라남도 영암군 시종면	126.596	34.869
4683035000	전라남도 영암군 도포면	126.642	34.844
4683036000	전라남도 영암군 군서면	126.634	34.777
4683037000	전라남도 영암군 서호면	126.576	34.773
4683038000	전라남도 영암군 학산면	126.632	34.738
4683039000	전라남도 영암군 미암면	126.562	34.694
4683040000	전라남도 영암군 삼호면	126.445	34.745
4683040500	전라남도 영암군 삼호면서부출장소	126.382	34.749
4684000000	전라남도 무안군	126.465	34.964
4684025000	전라남도 무안군 무안읍	126.473	34.999
4684025300	전라남도 무안군 일로읍	126.521	34.829
4684025600	전라남도 무안군 삼향읍	126.456	34.841
4684025800	전라남도 무안군 삼향읍남악출장소	126.456	34.815
4684031000	전라남도 무안군 삼향면	126.455	34.841
4684031500	전라남도 무안군 남악신도시출장소	126.456	34.815
4684031700	전라남도 무안군 삼향면남악출장소	126.456	34.815
4684032000	전라남도 무안군 몽탄면	126.488	34.924
4684033000	전라남도 무안군 청계면	126.427	34.93
4684034000	전라남도 무안군 현경면	126.438	35.039
4684035000	전라남도 무안군 망운면	126.388	34.996
4684036000	전라남도 무안군 해제면	126.291	35.1
4684037000	전라남도 무안군 운남면	126.34	34.953
4686000000	전라남도 함평군	126.549	35.104
4686025000	전라남도 함평군 함평읍	126.499	35.068
4686031000	전라남도 함평군 손불면	126.434	35.141
4686032000	전라남도 함평군 신광면	126.498	35.152
4686033000	전라남도 함평군 학교면	126.56	35.019
4686034000	전라남도 함평군 엄다면	126.514	35.014
4686035000	전라남도 함평군 대동면	126.52	35.112
4686036000	전라남도 함평군 나산면	126.606	35.122
4686037000	전라남도 함평군 해보면	126.573	35.167
4686038000	전라남도 함평군 월야면	126.632	35.192
4687000000	전라남도 영광군	126.49	35.299
4687025000	전라남도 영광군 영광읍	126.503	35.296
4687025300	전라남도 영광군 백수읍	126.423	35.308
4687025600	전라남도 영광군 홍농읍	126.449	35.4
4687031000	전라남도 영광군 대마면	126.566	35.302
4687032000	전라남도 영광군 묘량면	126.558	35.247
4687033000	전라남도 영광군 불갑면	126.508	35.212
4687034000	전라남도 영광군 군서면	126.46	35.266
4687035000	전라남도 영광군 군남면	126.448	35.22
4687036000	전라남도 영광군 염산면	126.359	35.212
4687037000	전라남도 영광군 법성면	126.47	35.355
4687038000	전라남도 영광군 낙월면	126.142	35.285
4687038500	전라남도 영광군 낙월면안마출장소	126.024	35.345
4688000000	전라남도 장성군	126.769	35.338
4688025000	전라남도 장성군 장성읍	126.812	35.329
4688031000	전라남도 장성군 진원면	126.836	35.267
4688032000	전라남도 장성군 남면	126.796	35.245
4688033000	전라남도 장성군 동화면	126.727	35.258
4688034000	전라남도 장성군 삼서면	126.656	35.231
4688035000	전라남도 장성군 삼계면	126.656	35.294
4688036000	전라남도 장성군 황룡면	126.731	35.308
4688037000	전라남도 장성군 서삼면	126.743	35.347
4688038000	전라남도 장성군 북일면	126.79	35.383
4688039000	전라남도 장성군 북이면	126.795	35.426
4688040000	전라남도 장성군 북하면	126.878	35.404
4689000000	전라남도 완도군	126.824	34.329
4689025000	전라남도 완도군 완도읍	126.707	34.333
4689025300	전라남도 완도군 금일읍	127.048	34.344
4689025600	전라남도 완도군 노화읍	126.589	34.204
4689025700	전라남도 완도군 노화면넙도출장소	126.511	34.196
4689029000	전라남도 완도군 노화읍넙도출장소	126.501	34.188
4689031000	전라남도 완도군 군외면	126.663	34.364
4689032000	전라남도 완도군 신지면	126.826	34.329
4689033000	전라남도 완도군 고금면	126.813	34.398
4689034000	전라남도 완도군 약산면	126.9	34.384
4689035000	전라남도 완도군 청산면	126.888	34.184
4689035500	전라남도 완도군 청산면모도출장소	126.768	34.197
4689036000	전라남도 완도군 소안면	126.654	34.156
4689037000	전라남도 완도군 금당면	127.055	34.43
4689038000	전라남도 완도군 보길면	126.545	34.152
4689039000	전라남도 완도군 생일면	126.982	34.321
4690000000	전라남도 진도군	126.257	34.47
4690025000	전라남도 진도군 진도읍	126.238	34.495
4690031000	전라남도 진도군 군내면	126.284	34.534
4690032000	전라남도 진도군 고군면	126.339	34.484
4690033000	전라남도 진도군 의신면	126.288	34.423
4690034000	전라남도 진도군 임회면	126.221	34.401
4690035000	전라남도 진도군 지산면	126.17	34.446
4690036000	전라남도 진도군 조도면	126.052	34.296
4690036500	전라남도 진도군 조도면가사출장소	126.051	34.479
4690036600	전라남도 진도군 조도면거차출장소	125.915	34.254
4691000000	전라남도 신안군	126.131	34.73
4691025000	전라남도 신안군 지도읍	126.231	35.062
4691025100	전라남도 신안군 지도읍선도출장소	126.269	34.977
4691025300	전라남도 신안군 압해읍	126.299	34.868
4691025400	전라남도 신안군 압해읍매화출장소	126.244	34.917
4691025500	전라남도 신안군 압해읍고이도출장소	126.289	34.96
4691029000	전라남도 신안군 지도읍선도출장소	126.269	34.977
4691031000	전라남도 신안군 증도면	126.161	34.983
4691031500	전라남도 신안군 증도면병풍출장소	126.213	34.96
4691032000	전라남도 신안군 임자면	126.087	35.097
4691033000	전라남도 신안군 자은면	126.05	34.891
4691034000	전라남도 신안군 비금면	125.94	34.761
4691035000	전라남도 신안군 도초면	125.963	34.697
4691035500	전라남도 신안군 도초면우이도출장	125.845	34.611
4691036000	전라남도 신안군 흑산면	125.42	34.663
4691036500	전라남도 신안군 흑산면가거도출장	125.126	34.052
4691036600	전라남도 신안군 흑산면태도출장소	125.299	34.391
4691036700	전라남도 신안군 흑산면홍도출장소	125.192	34.683
4691036800	전라남도 신안군 흑산면대둔도출장	125.465	34.731
4691037000	전라남도 신안군 하의면	125.963	34.632
4691038000	전라남도 신안군 신의면	126.092	34.582
4691039000	전라남도 신안군 장산면	126.147	34.644
4691040000	전라남도 신안군 안좌면	126.131	34.73
4691040500	전라남도 신안군 안좌면자라출장소	126.169	34.69
4691041000	전라남도 신안군 팔금면	126.133	34.791
4691042000	전라남도 신안군 암태면	126.107	34.84
4691043000	전라남도 신안군 압해면	126.299	34.868
4691043500	전라남도 신안군 압해면매화출장소	126.237	34.923
4691043600	전라남도 신안군 압해면고이도출장	126.289	34.96
4700000000	경상북도	128.691	36.394
4711100000	경상북도 포항시 남구	129.431	35.963
4711125000	경상북도 포항시 남구 구룡포읍	129.529	35.984
4711125300	경상북도 포항시 남구 연일읍	129.308	36.01
4711125600	경상북도 포항시 남구 오천읍	129.392	35.923
4711131000	경상북도 포항시 남구 대송면	129.349	35.941
4711132000	경상북도 포항시 남구 동해면	129.487	36.004
4711133000	경상북도 포항시 남구 장기면	129.475	35.908
4711134000	경상북도 포항시 남구 대보면	129.551	36.056
4711135000	경상북도 포항시 남구 호미곶면	129.551	36.056
4711151000	경상북도 포항시 남구 상대1동	128.114	35.184
4711152000	경상북도 포항시 남구 상대2동	128.114	35.184
4711152500	경상북도 포항시 남구 상대동	129.359	36.015
4711153000	경상북도 포항시 남구 해도1동	129.373	36.02
4711154000	경상북도 포항시 남구 해도2동	129.373	36.02
4711154500	경상북도 포항시 남구 해도동	129.373	36.02
4711155000	경상북도 포항시 남구 송도동	129.375	36.037
4711156000	경상북도 포항시 남구 청림동	129.416	35.992
4711157000	경상북도 포항시 남구 제철동	129.384	35.998
4711158000	경상북도 포항시 남구 효곡동	129.322	36.02
4711159000	경상북도 포항시 남구 대이동	129.338	36.026
4711300000	경상북도 포항시 북구	129.193	36.174
4711325000	경상북도 포항시 북구 흥해읍	129.36	36.105
4711331000	경상북도 포항시 북구 신광면	129.258	36.146
4711332000	경상북도 포항시 북구 청하면	129.318	36.197
4711333000	경상북도 포항시 북구 송라면	129.345	36.243
4711334000	경상북도 포항시 북구 기계면	129.17	36.085
4711335000	경상북도 포항시 북구 죽장면	129.161	36.222
4711335500	경상북도 포항시 북구 죽장면상옥출장소	129.343	36.019
4711336000	경상북도 포항시 북구 기북면	129.184	36.154
4711352000	경상북도 포항시 북구 중앙동	129.367	36.046
4711356000	경상북도 포항시 북구 학산동	129.367	36.046
4711363000	경상북도 포항시 북구 양학동	129.345	36.032
4711364000	경상북도 포항시 북구 죽도1동	129.358	36.025
4711365000	경상북도 포항시 북구 죽도2동	129.358	36.025
4711365500	경상북도 포항시 북구 죽도동	129.358	36.025
4711366500	경상북도 포항시 북구 용흥동	129.351	36.04
4711368000	경상북도 포항시 북구 우창동	129.358	36.064
4711369000	경상북도 포항시 북구 두호동	129.391	36.064
4711370000	경상북도 포항시 북구 장량동	129.386	36.081
4711371000	경상북도 포항시 북구 환여동	129.4	36.072
4713000000	경상북도 경주시	129.208	35.86
4713025000	경상북도 경주시 감포읍	129.472	35.798
4713025300	경상북도 경주시 안강읍	129.18	35.98
4713025600	경상북도 경주시 건천읍	129.089	35.837
4713025900	경상북도 경주시 외동읍	129.318	35.713
4713031000	경상북도 경주시 양북면	129.4	35.803
4713031500	경상북도 경주시 문무대왕면	129.401	35.803
4713032000	경상북도 경주시 양남면	129.42	35.704
4713033000	경상북도 경주시 내남면	129.175	35.75
4713034000	경상북도 경주시 산내면	129.03	35.745
4713035000	경상북도 경주시 서면	129.062	35.893
4713036000	경상북도 경주시 현곡면	129.178	35.897
4713037000	경상북도 경주시 강동면	129.266	36.003
4713038000	경상북도 경주시 천북면	129.282	35.905
4713051500	경상북도 경주시 중부동	129.211	35.844
4713052000	경상북도 경주시 성동동	129.221	35.845
4713053000	경상북도 경주시 황오동	129.221	35.845
4713055000	경상북도 경주시 성건동	129.193	35.857
4713056000	경상북도 경주시 탑정동	129.209	35.813
4713057000	경상북도 경주시 황남동	129.209	35.814
4713059000	경상북도 경주시 선도동	129.168	35.84
4713060500	경상북도 경주시 월성동	129.251	35.808
4713061500	경상북도 경주시 용강동	129.234	35.873
4713062100	경상북도 경주시 황성동	129.215	35.869
4713063000	경상북도 경주시 동천동	129.233	35.851
4713065000	경상북도 경주시 불국동	129.286	35.778
4713066000	경상북도 경주시 보덕동	129.319	35.848
4715000000	경상북도 김천시	128.051	36.043
4715025000	경상북도 김천시 아포읍	128.235	36.149
4715031000	경상북도 김천시 농소면	128.178	36.088
4715032000	경상북도 김천시 남면	128.234	36.1
4715034000	경상북도 김천시 개령면	128.184	36.172
4715035000	경상북도 김천시 감문면	128.175	36.223
4715036000	경상북도 김천시 어모면	128.094	36.204
4715037000	경상북도 김천시 봉산면	128.033	36.169
4715038000	경상북도 김천시 대항면	128.014	36.103
4715039000	경상북도 김천시 감천면	128.136	36.066
4715040000	경상북도 김천시 조마면	128.122	36.021
4715041000	경상북도 김천시 구성면	128.017	36.043
4715042000	경상북도 김천시 지례면	128.051	35.964
4715043000	경상북도 김천시 부항면	127.937	36.002
4715044000	경상북도 김천시 대덕면	127.946	35.91
4715045000	경상북도 김천시 증산면	128.028	35.885
4715051500	경상북도 김천시 용암동	128.125	36.124
4715051600	경상북도 김천시 자산동	128.125	36.123
4715053500	경상북도 김천시 성남동	128.115	36.12
4715053600	경상북도 김천시 평화남산동	128.115	36.12
4715054000	경상북도 김천시 평화동	128.113	36.125
4715056500	경상북도 김천시 양금동	128.105	36.098
4715057500	경상북도 김천시 대신동	128.11	36.149
4715059500	경상북도 김천시 대곡동	128.082	36.115
4715061000	경상북도 김천시 지좌동	128.147	36.119
4715064000	경상북도 김천시 율곡동	128.185	36.123
4717000000	경상북도 안동시	128.724	36.559
4717025000	경상북도 안동시 풍산읍	128.546	36.599
4717031000	경상북도 안동시 와룡면	128.783	36.633
4717032000	경상북도 안동시 북후면	128.704	36.664
4717033000	경상북도 안동시 서후면	128.657	36.626
4717034000	경상북도 안동시 풍천면	128.506	36.518
4717034500	경상북도 안동시 풍천면어담출장소	128.564	36.494
4717035000	경상북도 안동시 일직면	128.643	36.463
4717036000	경상북도 안동시 남후면	128.63	36.529
4717037000	경상북도 안동시 남선면	128.751	36.508
4717038000	경상북도 안동시 임하면	128.846	36.517
4717039000	경상북도 안동시 길안면	128.914	36.406
4717040000	경상북도 안동시 임동면	128.933	36.592
4717041000	경상북도 안동시 예안면	128.897	36.684
4717041500	경상북도 안동시 예안면삼계출장소	128.925	36.72
4717042000	경상북도 안동시 도산면	128.854	36.749
4717042500	경상북도 안동시 도산면서부출장소	128.812	36.698
4717043000	경상북도 안동시 녹전면	128.767	36.751
4717051000	경상북도 안동시 중구동	128.757	36.574
4717052000	경상북도 안동시 명륜동	128.743	36.583
4717055500	경상북도 안동시 용상동	128.775	36.561
4717058500	경상북도 안동시 서구동	128.722	36.564
4717060000	경상북도 안동시 태화동	128.712	36.562
4717061000	경상북도 안동시 법상동	128.712	36.562
4717062000	경상북도 안동시 평화동	128.711	36.573
4717063000	경상북도 안동시 안기동	128.714	36.592
4717065000	경상북도 안동시 옥동	128.69	36.558
4717066000	경상북도 안동시 송하동	128.691	36.58
4717069000	경상북도 안동시 강남동	128.728	36.544
4719000000	경상북도 구미시	128.363	36.212
4719025000	경상북도 구미시 선산읍	128.284	36.247
4719025300	경상북도 구미시 고아읍	128.328	36.184
4719025600	경상북도 구미시 산동읍	128.462	36.181
4719031000	경상북도 구미시 무을면	128.188	36.266
4719032000	경상북도 구미시 옥성면	128.27	36.305
4719033000	경상북도 구미시 도개면	128.349	36.304
4719034000	경상북도 구미시 해평면	128.402	36.219
4719035000	경상북도 구미시 산동면	128.462	36.181
4719036000	경상북도 구미시 장천면	128.512	36.152
4719051000	경상북도 구미시 송정동	128.348	36.118
4719052000	경상북도 구미시 원평1동	128.348	36.125
4719053000	경상북도 구미시 원평2동	128.331	36.131
4719053500	경상북도 구미시 원평동	128.34	36.127
4719055100	경상북도 구미시 도량동	128.329	36.143
4719055500	경상북도 구미시 지산동	128.356	36.137
4719056500	경상북도 구미시 선주원남동	128.31	36.13
4719058200	경상북도 구미시 형곡1동	128.333	36.114
4719058300	경상북도 구미시 형곡2동	128.334	36.103
4719059000	경상북도 구미시 신평1동	128.362	36.12
4719060000	경상북도 구미시 신평2동	128.366	36.125
4719061000	경상북도 구미시 비산동	128.38	36.123
4719062100	경상북도 구미시 공단1동	128.38	36.118
4719062200	경상북도 구미시 공단2동	128.38	36.092
4719063000	경상북도 구미시 광평동	128.357	36.109
4719064500	경상북도 구미시 상모사곡동	128.347	36.092
4719066000	경상북도 구미시 임오동	128.363	36.076
4719067000	경상북도 구미시 인동동	128.452	36.097
4719068000	경상북도 구미시 진미동	128.409	36.104
4719069000	경상북도 구미시 양포동	128.413	36.135
4719070000	경상북도 구미시 공단동	128.38	36.093
4721000000	경상북도 영주시	128.535	36.88
4721025000	경상북도 영주시 풍기읍	128.488	36.908
4721031000	경상북도 영주시 이산면	128.7	36.813
4721032000	경상북도 영주시 평은면	128.707	36.749
4721033000	경상북도 영주시 문수면	128.626	36.747
4721034000	경상북도 영주시 장수면	128.558	36.781
4721035000	경상북도 영주시 안정면	128.557	36.843
4721036000	경상북도 영주시 봉현면	128.5	36.819
4721037000	경상북도 영주시 순흥면	128.553	36.928
4721038000	경상북도 영주시 단산면	128.593	36.961
4721039000	경상북도 영주시 부석면	128.656	36.981
4721051000	경상북도 영주시 상망동	128.627	36.856
4721052500	경상북도 영주시 하망동	128.636	36.822
4721055000	경상북도 영주시 영주1동	128.62	36.829
4721056000	경상북도 영주시 영주2동	128.618	36.823
4721059000	경상북도 영주시 휴천1동	128.651	36.811
4721060000	경상북도 영주시 휴천2동	128.623	36.81
4721061000	경상북도 영주시 휴천3동	128.643	36.795
4721062000	경상북도 영주시 가흥1동	128.605	36.802
4721063000	경상북도 영주시 가흥2동	128.605	36.842
4723000000	경상북도 영천시	128.916	36.007
4723025000	경상북도 영천시 금호읍	128.892	35.924
4723031000	경상북도 영천시 청통면	128.835	35.982
4723032000	경상북도 영천시 신녕면	128.762	36.058
4723033000	경상북도 영천시 화산면	128.844	36.049
4723034000	경상북도 영천시 화북면	128.948	36.128
4723035000	경상북도 영천시 화남면	128.878	36.083
4723036000	경상북도 영천시 자양면	129.037	36.109
4723037000	경상북도 영천시 임고면	129.051	36.044
4723038000	경상북도 영천시 고경면	129.042	35.979
4723039000	경상북도 영천시 북안면	129.001	35.895
4723040000	경상북도 영천시 대창면	128.923	35.865
4723051000	경상북도 영천시 동부동	128.951	35.992
4723052000	경상북도 영천시 중앙동	128.927	36.001
4723053500	경상북도 영천시 서부동	128.898	35.973
4723054000	경상북도 영천시 완산동	128.953	35.961
4723055500	경상북도 영천시 남부동	128.96	35.924
4725000000	경상북도 상주시	128.097	36.447
4725025000	경상북도 상주시 함창읍	128.192	36.552
4725031000	경상북도 상주시 중동면	128.279	36.432
4725032000	경상북도 상주시 사벌면	128.222	36.485
4725032500	경상북도 상주시 사벌국면	128.222	36.485
4725033000	경상북도 상주시 낙동면	128.251	36.365
4725033500	경상북도 상주시 낙동면동부출장소	128.297	36.364
4725034000	경상북도 상주시 청리면	128.137	36.332
4725035000	경상북도 상주시 공성면	128.088	36.294
4725036000	경상북도 상주시 외남면	128.08	36.357
4725037000	경상북도 상주시 내서면	128.063	36.406
4725038000	경상북도 상주시 모동면	127.963	36.299
4725039000	경상북도 상주시 모서면	127.895	36.33
4725039500	경상북도 상주시 모서면서부출장소	127.871	36.307
4725040000	경상북도 상주시 화동면	127.976	36.398
4725041000	경상북도 상주시 화서면	127.96	36.457
4725042000	경상북도 상주시 화북면	127.868	36.582
4725042600	경상북도 상주시 화북면서부출장소	127.828	36.602
4725043000	경상북도 상주시 외서면	128.048	36.484
4725044000	경상북도 상주시 은척면	128.068	36.55
4725044500	경상북도 상주시 은척면북부출장소	128.088	36.577
4725045000	경상북도 상주시 공검면	128.141	36.517
4725046000	경상북도 상주시 이안면	128.119	36.577
4725047000	경상북도 상주시 화남면	127.894	36.447
4725052000	경상북도 상주시 남원동	128.132	36.411
4725053000	경상북도 상주시 북문동	128.16	36.444
4725054000	경상북도 상주시 계림동	128.188	36.44
4725055000	경상북도 상주시 동문동	128.212	36.429
4725056000	경상북도 상주시 동성동	128.185	36.389
4725057000	경상북도 상주시 신흥동	128.148	36.37
4728000000	경상북도 문경시	128.134	36.693
4728025000	경상북도 문경시 문경읍	128.125	36.77
4728025100	경상북도 문경시 문경읍갈평출장소	128.158	36.787
4728025300	경상북도 문경시 가은읍	127.998	36.659
4728025400	경상북도 문경시 가은읍북부출장소	128.088	36.577
4728029000	경상북도 문경시 문경읍갈평출장소	128.158	36.787
4728029100	경상북도 문경시 가은읍북부출장소	128.088	36.577
4728031000	경상북도 문경시 영순면	128.257	36.566
4728032000	경상북도 문경시 산양면	128.258	36.622
4728033000	경상북도 문경시 호계면	128.195	36.664
4728034000	경상북도 문경시 산북면	128.257	36.709
4728035000	경상북도 문경시 동로면	128.317	36.775
4728036000	경상북도 문경시 마성면	128.11	36.684
4728037000	경상북도 문경시 농암면	127.979	36.583
4728051500	경상북도 문경시 점촌동	128.197	36.598
4728052000	경상북도 문경시 중앙동	128.206	36.585
4728053000	경상북도 문경시 신흥동	128.198	36.618
4728054500	경상북도 문경시 신평동	128.145	36.627
4728056000	경상북도 문경시 모전동	128.186	36.59
4728057000	경상북도 문경시 점촌1동	128.197	36.598
4728058000	경상북도 문경시 점촌2동	128.206	36.585
4728059000	경상북도 문경시 점촌3동	128.198	36.618
4728060000	경상북도 문경시 점촌4동	128.145	36.627
4728061000	경상북도 문경시 점촌5동	128.186	36.59
4729000000	경상북도 경산시	128.803	35.848
4729025000	경상북도 경산시 하양읍	128.786	35.906
4729025300	경상북도 경산시 진량읍	128.826	35.87
4729025600	경상북도 경산시 압량읍	128.772	35.843
4729031000	경상북도 경산시 와촌면	128.8	35.951
4729033000	경상북도 경산시 자인면	128.83	35.823
4729034000	경상북도 경산시 용성면	128.896	35.799
4729035000	경상북도 경산시 남산면	128.819	35.777
4729036000	경상북도 경산시 압량면	128.773	35.842
4729037000	경상북도 경산시 남천면	128.746	35.753
4729051000	경상북도 경산시 중방동	128.735	35.829
4729052000	경상북도 경산시 중앙동	128.739	35.823
4729053000	경상북도 경산시 남부동	128.743	35.805
4729054000	경상북도 경산시 서부동	128.725	35.814
4729054100	경상북도 경산시 서부1동	128.725	35.814
4729054200	경상북도 경산시 서부2동	128.728	35.835
4729055000	경상북도 경산시 북부동	128.754	35.836
4729056000	경상북도 경산시 동부동	128.772	35.803
4772000000	경상북도 군위군	128.725	36.167
4772025000	경상북도 군위군 군위읍	128.579	36.235
4772031000	경상북도 군위군 소보면	128.471	36.256
4772032000	경상북도 군위군 효령면	128.589	36.143
4772033000	경상북도 군위군 부계면	128.66	36.066
4772034000	경상북도 군위군 우보면	128.645	36.169
4772035000	경상북도 군위군 의흥면	128.737	36.163
4772036000	경상북도 군위군 산성면	128.717	36.094
4772037000	경상북도 군위군 고로면	128.829	36.151
4772038000	경상북도 군위군 삼국유사면	128.828	36.151
4773000000	경상북도 의성군	128.594	36.362
4773025000	경상북도 의성군 의성읍	128.7	36.351
4773031000	경상북도 의성군 단촌면	128.69	36.434
4773032000	경상북도 의성군 점곡면	128.765	36.404
4773033000	경상북도 의성군 옥산면	128.83	36.375
4773034000	경상북도 의성군 사곡면	128.791	36.304
4773035000	경상북도 의성군 춘산면	128.818	36.238
4773036000	경상북도 의성군 가음면	128.728	36.23
4773037000	경상북도 의성군 금성면	128.686	36.261
4773038000	경상북도 의성군 봉양면	128.611	36.306
4773039000	경상북도 의성군 비안면	128.515	36.339
4773040000	경상북도 의성군 구천면	128.421	36.328
4773041000	경상북도 의성군 단밀면	128.363	36.369
4773042000	경상북도 의성군 단북면	128.394	36.394
4773043000	경상북도 의성군 안계면	128.465	36.396
4773044000	경상북도 의성군 다인면	128.366	36.469
4773045000	경상북도 의성군 신평면	128.517	36.47
4773046000	경상북도 의성군 안평면	128.581	36.39
4773047000	경상북도 의성군 안사면	128.457	36.453
4775000000	경상북도 청송군	129.096	36.378
4775025000	경상북도 청송군 청송읍	129.102	36.42
4775031000	경상북도 청송군 부동면	129.145	36.365
4775031500	경상북도 청송군 부동면	129.145	36.365
4775032000	경상북도 청송군 부남면	129.146	36.296
4775033000	경상북도 청송군 현동면	129.032	36.25
4775034000	경상북도 청송군 현서면	128.931	36.234
4775035000	경상북도 청송군 안덕면	128.98	36.319
4775036000	경상북도 청송군 파천면	129.005	36.441
4775037000	경상북도 청송군 진보면	129.055	36.522
4776000000	경상북도 영양군	129.136	36.684
4776025000	경상북도 영양군 영양읍	129.158	36.637
4776031000	경상북도 영양군 입암면	129.063	36.6
4776032000	경상북도 영양군 청기면	129.036	36.722
4776032500	경상북도 영양군 청기면당동출장소	129.036	36.722
4776032600	경상북도 영양군 청기면당리출장소	129.054	36.758
4776033000	경상북도 영양군 일월면	129.121	36.759
4776034000	경상북도 영양군 수비면	129.235	36.778
4776035000	경상북도 영양군 석보면	129.168	36.558
4777000000	경상북도 영덕군	129.294	36.47
4777025000	경상북도 영덕군 영덕읍	129.39	36.433
4777031000	경상북도 영덕군 강구면	129.363	36.377
4777032000	경상북도 영덕군 남정면	129.34	36.321
4777033000	경상북도 영덕군 달산면	129.268	36.371
4777034000	경상북도 영덕군 지품면	129.248	36.456
4777034500	경상북도 영덕군 지품면원전출장소	129.192	36.485
4777035000	경상북도 영덕군 축산면	129.377	36.489
4777035500	경상북도 영덕군 축산면축산출장소	129.442	36.506
4777036000	경상북도 영덕군 영해면	129.373	36.533
4777037000	경상북도 영덕군 병곡면	129.382	36.607
4777038000	경상북도 영덕군 창수면	129.285	36.6
4782000000	경상북도 청도군	128.885	35.706
4782012000	경상북도 청도군 청도읍	128.759	35.635
4782025000	경상북도 청도군 화양읍	128.714	35.667
4782025100	경상북도 청도군 화양읍남성현출장	128.718	35.696
4782025300	경상북도 청도군 청도읍	128.759	35.635
4782025400	경상북도 청도군 청도읍유호출장소	128.769	35.572
4782029000	경상북도 청도군 화양읍남성현출장	128.718	35.696
4782029100	경상북도 청도군 청도읍유호출장소	128.769	35.572
4782031000	경상북도 청도군 각남면	128.661	35.621
4782032000	경상북도 청도군 풍각면	128.583	35.636
4782033000	경상북도 청도군 각북면	128.572	35.691
4782034000	경상북도 청도군 이서면	128.654	35.692
4782035000	경상북도 청도군 운문면	128.948	35.727
4782036000	경상북도 청도군 금천면	128.903	35.699
4782037000	경상북도 청도군 매전면	128.847	35.665
4783000000	경상북도 고령군	128.311	35.731
4783025000	경상북도 고령군 고령읍	128.262	35.731
4783025300	경상북도 고령군 대가야읍	128.262	35.731
4783031000	경상북도 고령군 덕곡면	128.205	35.786
4783032000	경상북도 고령군 운수면	128.291	35.783
4783033000	경상북도 고령군 성산면	128.36	35.759
4783034000	경상북도 고령군 다산면	128.425	35.816
4783035000	경상북도 고령군 개진면	128.399	35.706
4783036000	경상북도 고령군 우곡면	128.338	35.659
4783037000	경상북도 고령군 쌍림면	128.24	35.689
4784000000	경상북도 성주군	128.229	35.916
4784025000	경상북도 성주군 성주읍	128.282	35.92
4784031000	경상북도 성주군 선남면	128.356	35.903
4784032000	경상북도 성주군 용암면	128.318	35.841
4784033000	경상북도 성주군 수륜면	128.2	35.833
4784034000	경상북도 성주군 가천면	128.131	35.869
4784035000	경상북도 성주군 금수면	128.131	35.919
4784035500	경상북도 성주군 금수강산면	128.131	35.919
4784036000	경상북도 성주군 대가면	128.208	35.903
4784037000	경상북도 성주군 벽진면	128.19	35.976
4784038000	경상북도 성주군 초전면	128.25	35.998
4784039000	경상북도 성주군 월항면	128.302	35.974
4785000000	경상북도 칠곡군	128.464	36.004
4785025000	경상북도 칠곡군 왜관읍	128.412	35.956
4785025300	경상북도 칠곡군 북삼읍	128.347	36.06
4785025600	경상북도 칠곡군 석적읍	128.446	36.05
4785031000	경상북도 칠곡군 지천면	128.483	35.966
4785032000	경상북도 칠곡군 동명면	128.562	36.005
4785033000	경상북도 칠곡군 가산면	128.516	36.075
4785034000	경상북도 칠곡군 석적면	128.446	36.05
4785035000	경상북도 칠곡군 북삼면	128.347	36.06
4785036000	경상북도 칠곡군 약목면	128.357	36.026
4785037000	경상북도 칠곡군 기산면	128.36	35.979
4790000000	경상북도 예천군	128.473	36.652
4790025000	경상북도 예천군 예천읍	128.449	36.662
4790025300	경상북도 예천군 호명읍	128.476	36.609
4790031000	경상북도 예천군 용문면	128.406	36.707
4790032000	경상북도 예천군 상리면	128.422	36.797
4790033000	경상북도 예천군 하리면	128.437	36.746
4790034000	경상북도 예천군 감천면	128.521	36.731
4790035000	경상북도 예천군 보문면	128.545	36.681
4790036000	경상북도 예천군 호명면	128.476	36.609
4790037000	경상북도 예천군 유천면	128.377	36.653
4790038000	경상북도 예천군 용궁면	128.296	36.61
4790039000	경상북도 예천군 개포면	128.369	36.612
4790040000	경상북도 예천군 지보면	128.388	36.549
4790041000	경상북도 예천군 풍양면	128.304	36.511
4790042000	경상북도 예천군 효자면	128.422	36.797
4790043000	경상북도 예천군 은풍면	128.437	36.746
4792000000	경상북도 봉화군	128.902	36.923
4792025000	경상북도 봉화군 봉화읍	128.705	36.889
4792031000	경상북도 봉화군 물야면	128.747	36.975
4792032000	경상북도 봉화군 봉성면	128.81	36.912
4792033000	경상북도 봉화군 법전면	128.909	36.908
4792034000	경상북도 봉화군 춘양면	128.839	37.002
4792035000	경상북도 봉화군 소천면	129.02	36.956
4792036000	경상북도 봉화군 재산면	129.0	36.813
4792037000	경상북도 봉화군 명호면	128.885	36.834
4792038000	경상북도 봉화군 상운면	128.784	36.84
4792039000	경상북도 봉화군 석포면	129.065	37.045
4793000000	경상북도 울진군	129.284	36.895
4793025000	경상북도 울진군 울진읍	129.356	37.001
4793025300	경상북도 울진군 평해읍	129.447	36.726
4793031000	경상북도 울진군 북면	129.311	37.07
4793031500	경상북도 울진군 북면하당출장소	129.322	37.04
4793032000	경상북도 울진군 서면	129.208	36.947
4793033000	경상북도 울진군 근남면	129.342	36.942
4793034000	경상북도 울진군 원남면	129.355	36.863
4793035000	경상북도 울진군 기성면	129.406	36.809
4793036000	경상북도 울진군 온정면	129.356	36.718
4793037000	경상북도 울진군 죽변면	129.389	37.055
4793038000	경상북도 울진군 후포면	129.421	36.675
4793039000	경상북도 울진군 금강송면	129.208	36.947
4793040000	경상북도 울진군 매화면	129.355	36.863
4794000000	경상북도 울릉군	130.857	37.505
4794025000	경상북도 울릉군 울릉읍	130.888	37.495
4794031000	경상북도 울릉군 서면	130.831	37.493
4794031500	경상북도 울릉군 서면태하출장소	130.801	37.512
4794032000	경상북도 울릉군 북면	130.857	37.527
4800000000	경상남도	128.174	35.394
4811000000	경상남도 창원시	128.671	35.22
4811025000	경상남도 창원시 동읍	128.669	35.311
4811032000	경상남도 창원시 북면	128.605	35.333
4811033000	경상남도 창원시 대산면	128.725	35.345
4811052500	경상남도 창원시 의창동	128.611	35.264
4811054000	경상남도 창원시 팔룡동	128.629	35.238
4811054500	경상남도 창원시 명곡동	128.643	35.252
4811055700	경상남도 창원시 봉림동	128.681	35.248
4811057500	경상남도 창원시 반송동	128.669	35.239
4811060500	경상남도 창원시 용지동	128.685	35.231
4811061600	경상남도 창원시 사파동	128.707	35.219
4811061800	경상남도 창원시 상남동	128.686	35.219
4811062000	경상남도 창원시 중앙동	128.668	35.219
4811063000	경상남도 창원시 가음정동	128.694	35.208
4811065000	경상남도 창원시 성주동	128.714	35.187
4811067500	경상남도 창원시 웅남동	128.636	35.184
4812100000	경상남도 창원시 의창구	128.636	35.304
4812125000	경상남도 창원시 의창구 동읍	128.669	35.311
4812131000	경상남도 창원시 의창구 북면	128.605	35.333
4812132000	경상남도 창원시 의창구 대산면	128.725	35.345
4812151000	경상남도 창원시 의창구 의창동	128.611	35.264
4812152000	경상남도 창원시 의창구 팔룡동	128.629	35.238
4812153000	경상남도 창원시 의창구 명곡동	128.643	35.252
4812154000	경상남도 창원시 의창구 봉림동	128.681	35.248
4812155000	경상남도 창원시 의창구 용지동	128.685	35.231
4812300000	경상남도 창원시 성산구	128.671	35.196
4812351000	경상남도 창원시 성산구 반송동	128.669	35.239
4812351500	경상남도 창원시 성산구 용지동	128.685	35.231
4812352000	경상남도 창원시 성산구 중앙동	128.668	35.219
4812353000	경상남도 창원시 성산구 상남동	128.686	35.219
4812354000	경상남도 창원시 성산구 사파동	128.707	35.219
4812355000	경상남도 창원시 성산구 가음정동	128.694	35.208
4812356000	경상남도 창원시 성산구 성주동	128.714	35.187
4812357000	경상남도 창원시 성산구 웅남동	128.636	35.184
4812500000	경상남도 창원시 마산합포구	128.467	35.137
4812531000	경상남도 창원시 마산합포구 구산면	128.585	35.095
4812532000	경상남도 창원시 마산합포구 진동면	128.516	35.138
4812533000	경상남도 창원시 마산합포구 진북면	128.46	35.149
4812534000	경상남도 창원시 마산합포구 진전면	128.384	35.131
4812551000	경상남도 창원시 마산합포구 현동	128.552	35.158
4812552000	경상남도 창원시 마산합포구 가포동	128.574	35.162
4812553000	경상남도 창원시 마산합포구 월영동	128.558	35.178
4812554000	경상남도 창원시 마산합포구 문화동	128.554	35.187
4812555000	경상남도 창원시 마산합포구 반월동	128.562	35.191
4812556000	경상남도 창원시 마산합포구 중앙동	128.567	35.196
4812556500	경상남도 창원시 마산합포구 반월중앙동	128.565	35.194
4812557000	경상남도 창원시 마산합포구 완월동	128.553	35.199
4812558000	경상남도 창원시 마산합포구 자산동	128.56	35.205
4812559000	경상남도 창원시 마산합포구 동서동	128.573	35.201
4812560000	경상남도 창원시 마산합포구 성호동	128.571	35.208
4812561000	경상남도 창원시 마산합포구 교방동	128.553	35.211
4812562000	경상남도 창원시 마산합포구 노산동	128.573	35.213
4812563000	경상남도 창원시 마산합포구 오동동	128.581	35.207
4812564000	경상남도 창원시 마산합포구 합포동	128.581	35.211
4812565000	경상남도 창원시 마산합포구 산호동	128.584	35.217
4812700000	경상남도 창원시 마산회원구	128.544	35.227
4812725000	경상남도 창원시 마산회원구 내서읍	128.502	35.227
4812751000	경상남도 창원시 마산회원구 회원1동	128.574	35.22
4812752000	경상남도 창원시 마산회원구 회원2동	128.548	35.218
4812753000	경상남도 창원시 마산회원구 석전1동	128.569	35.229
4812754000	경상남도 창원시 마산회원구 석전2동	128.574	35.236
4812754500	경상남도 창원시 마산회원구 석전동	128.573	35.234
4812755000	경상남도 창원시 마산회원구 회성동	128.551	35.243
4812756000	경상남도 창원시 마산회원구 양덕1동	128.59	35.232
4812757000	경상남도 창원시 마산회원구 양덕2동	128.584	35.226
4812758000	경상남도 창원시 마산회원구 합성1동	128.574	35.248
4812759000	경상남도 창원시 마산회원구 합성2동	128.595	35.239
4812760000	경상남도 창원시 마산회원구 구암1동	128.589	35.259
4812761000	경상남도 창원시 마산회원구 구암2동	128.599	35.249
4812762000	경상남도 창원시 마산회원구 봉암동	128.603	35.226
4812900000	경상남도 창원시 진해구	128.768	35.124
4812951000	경상남도 창원시 진해구 중앙동	128.638	35.156
4812952000	경상남도 창원시 진해구 태평동	128.666	35.134
4812953000	경상남도 창원시 진해구 충무동	128.669	35.15
4812954000	경상남도 창원시 진해구 여좌동	128.664	35.167
4812955000	경상남도 창원시 진해구 태백동	128.673	35.16
4812956000	경상남도 창원시 진해구 경화동	128.682	35.161
4812957000	경상남도 창원시 진해구 병암동	128.691	35.158
4812958000	경상남도 창원시 진해구 석동	128.702	35.16
4812959000	경상남도 창원시 진해구 이동	128.698	35.151
4812960000	경상남도 창원시 진해구 자은동	128.723	35.153
4812961000	경상남도 창원시 진해구 덕산동	128.705	35.143
4812962000	경상남도 창원시 진해구 풍호동	128.708	35.12
4812963000	경상남도 창원시 진해구 웅천동	128.743	35.106
4812964000	경상남도 창원시 진해구 웅동1동	128.781	35.134
4812965000	경상남도 창원시 진해구 웅동2동	128.814	35.102
4816000000	경상남도 마산시	128.581	35.216
4816025000	경상남도 마산시 내서읍	128.502	35.227
4816031000	경상남도 마산시 구산면	128.585	35.095
4816032000	경상남도 마산시 진동면	128.516	35.138
4816033000	경상남도 마산시 진북면	128.46	35.149
4816034000	경상남도 마산시 진전면	128.384	35.131
4816051000	경상남도 마산시 현동	128.552	35.158
4816052000	경상남도 마산시 가포동	128.574	35.162
4816053000	경상남도 마산시 월영동	128.558	35.177
4816054000	경상남도 마산시 문화동	128.554	35.187
4816055000	경상남도 마산시 반월동	128.562	35.191
4816056000	경상남도 마산시 중앙동	128.567	35.196
4816057000	경상남도 마산시 완월동	128.553	35.199
4816058000	경상남도 마산시 자산동	128.56	35.205
4816059000	경상남도 마산시 동서동	128.573	35.201
4816060000	경상남도 마산시 성호동	128.571	35.208
4816061000	경상남도 마산시 교방동	128.553	35.211
4816062000	경상남도 마산시 노산동	128.573	35.213
4816063000	경상남도 마산시 오동동	128.581	35.207
4816064000	경상남도 마산시 합포동	128.581	35.211
4816065000	경상남도 마산시 산호동	128.584	35.217
4816066000	경상남도 마산시 회원1동	128.574	35.22
4816067000	경상남도 마산시 회원2동	128.548	35.218
4816068000	경상남도 마산시 석전1동	128.569	35.229
4816069000	경상남도 마산시 석전2동	128.574	35.236
4816070000	경상남도 마산시 회성동	128.551	35.243
4816071000	경상남도 마산시 양덕1동	128.59	35.232
4816072000	경상남도 마산시 양덕2동	128.584	35.226
4816073000	경상남도 마산시 합성1동	128.574	35.248
4816074000	경상남도 마산시 합성2동	128.595	35.239
4816075000	경상남도 마산시 구암1동	128.589	35.259
4816076000	경상남도 마산시 구암2동	128.599	35.249
4816077000	경상남도 마산시 봉암동	128.603	35.226
4817000000	경상남도 진주시	128.127	35.2
4817025000	경상남도 진주시 문산읍	128.173	35.159
4817031000	경상남도 진주시 내동면	128.044	35.14
4817032000	경상남도 진주시 정촌면	128.118	35.125
4817033000	경상남도 진주시 금곡면	128.178	35.098
4817035000	경상남도 진주시 진성면	128.232	35.175
4817036000	경상남도 진주시 일반성면	128.283	35.156
4817037000	경상남도 진주시 이반성면	128.336	35.167
4817038000	경상남도 진주시 사봉면	128.274	35.2
4817039000	경상남도 진주시 지수면	128.272	35.234
4817040000	경상남도 진주시 대곡면	128.162	35.274
4817041000	경상남도 진주시 금산면	128.16	35.21
4817042000	경상남도 진주시 집현면	128.089	35.26
4817043000	경상남도 진주시 미천면	128.12	35.304
4817044000	경상남도 진주시 명석면	128.018	35.254
4817045000	경상남도 진주시 대평면	127.98	35.204
4817046000	경상남도 진주시 수곡면	127.924	35.203
4817051000	경상남도 진주시 망경동	128.083	35.173
4817051500	경상남도 진주시 천전동	128.086	35.176
4817052000	경상남도 진주시 강남동	128.078	35.184
4817053000	경상남도 진주시 칠암동	128.095	35.18
4817054500	경상남도 진주시 성지동	128.078	35.19
4817055500	경상남도 진주시 성북동	128.076	35.192
4817056500	경상남도 진주시 중앙동	128.09	35.196
4817057500	경상남도 진주시 봉안동	128.077	35.195
4817059000	경상남도 진주시 상봉동동	128.077	35.203
4817059500	경상남도 진주시 상봉동	128.072	35.203
4817060000	경상남도 진주시 상봉서동	128.067	35.203
4817061500	경상남도 진주시 봉수동	128.086	35.2
4817064500	경상남도 진주시 옥봉동	128.095	35.194
4817066000	경상남도 진주시 상대1동	128.105	35.185
4817067000	경상남도 진주시 상대2동	128.123	35.183
4817067300	경상남도 진주시 상대동	128.114	35.184
4817067600	경상남도 진주시 하대1동	128.113	35.192
4817067700	경상남도 진주시 하대2동	128.127	35.19
4817067800	경상남도 진주시 하대동	128.114	35.192
4817068000	경상남도 진주시 상평동	128.114	35.173
4817069500	경상남도 진주시 초장동	128.1	35.213
4817071000	경상남도 진주시 평거동	128.062	35.175
4817071500	경상남도 진주시 신안동	128.072	35.184
4817072000	경상남도 진주시 이현동	128.054	35.197
4817073000	경상남도 진주시 판문동	128.039	35.183
4817074000	경상남도 진주시 가호동	128.11	35.159
4817075000	경상남도 진주시 충무공동	128.144	35.177
4819000000	경상남도 진해시	128.768	35.124
4819051500	경상남도 진해시 중앙동	128.637	35.156
4819052500	경상남도 진해시 태평동	128.666	35.134
4819055500	경상남도 진해시 충무동	128.669	35.15
4819057500	경상남도 진해시 여좌동	128.664	35.167
4819060000	경상남도 진해시 태백동	128.673	35.16
4819061500	경상남도 진해시 경화동	128.682	35.161
4819063500	경상남도 진해시 병암동	128.691	35.158
4819064000	경상남도 진해시 석동	128.702	35.16
4819065000	경상남도 진해시 이동	128.698	35.151
4819066000	경상남도 진해시 자은동	128.723	35.153
4819067000	경상남도 진해시 덕산동	128.705	35.143
4819068000	경상남도 진해시 풍호동	128.708	35.12
4819071500	경상남도 진해시 웅천동	128.743	35.106
4819073000	경상남도 진해시 웅동1동	128.781	35.134
4819074000	경상남도 진해시 웅동2동	128.814	35.102
4822000000	경상남도 통영시	128.42	34.869
4822025000	경상남도 통영시 산양읍	128.404	34.802
4822031000	경상남도 통영시 용남면	128.445	34.881
4822033000	경상남도 통영시 도산면	128.377	34.908
4822034000	경상남도 통영시 광도면	128.41	34.92
4822035000	경상남도 통영시 욕지면	128.251	34.632
4822036000	경상남도 통영시 한산면	128.484	34.741
4822037000	경상남도 통영시 사량면	128.232	34.818
4822051000	경상남도 통영시 도천동	128.388	34.846
4822053000	경상남도 통영시 명정동	128.407	34.851
4822055000	경상남도 통영시 중앙동	128.423	34.844
4822059000	경상남도 통영시 정량동	128.438	34.846
4822060000	경상남도 통영시 북신동	128.425	34.854
4822063000	경상남도 통영시 인평동	128.388	34.846
4822065000	경상남도 통영시 미수1동	128.404	34.825
4822066000	경상남도 통영시 미수2동	128.404	34.825
4822066500	경상남도 통영시 미수동	128.404	34.825
4822067000	경상남도 통영시 봉평동	128.426	34.824
4822069500	경상남도 통영시 도남동	128.426	34.824
4822070000	경상남도 통영시 무전동	128.428	34.861
4824000000	경상남도 사천시	128.109	35.038
4824025000	경상남도 사천시 사천읍	128.115	35.092
4824031000	경상남도 사천시 정동면	128.155	35.039
4824032000	경상남도 사천시 사남면	128.119	35.024
4824033000	경상남도 사천시 용현면	128.074	35.021
4824034000	경상남도 사천시 축동면	128.06	35.103
4824035000	경상남도 사천시 곤양면	127.999	35.071
4824036000	경상남도 사천시 곤명면	127.951	35.111
4824037000	경상남도 사천시 서포면	127.97	35.012
4824051000	경상남도 사천시 동서동	128.056	34.939
4824052000	경상남도 사천시 선구동	128.072	34.946
4824053000	경상남도 사천시 동서금동	128.082	34.929
4824055000	경상남도 사천시 벌룡동	128.101	34.96
4824057000	경상남도 사천시 향촌동	128.108	34.944
4824059500	경상남도 사천시 남양동	128.075	34.978
4824088000	경상남도 사천시 늑도출장소	128.038	34.923
4824089000	경상남도 사천시 신수출장소	128.075	34.978
4825000000	경상남도 김해시	128.86	35.274
4825025000	경상남도 김해시 진영읍	128.741	35.288
4825031000	경상남도 김해시 장유면	128.792	35.189
4825032000	경상남도 김해시 주촌면	128.821	35.241
4825033000	경상남도 김해시 진례면	128.758	35.246
4825034000	경상남도 김해시 한림면	128.809	35.316
4825035000	경상남도 김해시 생림면	128.851	35.334
4825036000	경상남도 김해시 상동면	128.927	35.319
4825037000	경상남도 김해시 대동면	128.968	35.267
4825051000	경상남도 김해시 동상동	128.887	35.244
4825052000	경상남도 김해시 회현동	128.877	35.23
4825053000	경상남도 김해시 부원동	128.89	35.223
4825054000	경상남도 김해시 내외동	128.86	35.238
4825055000	경상남도 김해시 북부동	128.87	35.264
4825056500	경상남도 김해시 칠산서부동	128.851	35.2
4825058000	경상남도 김해시 활천동	128.901	35.235
4825059000	경상남도 김해시 삼안동	128.914	35.249
4825060000	경상남도 김해시 불암동	128.924	35.229
4825061000	경상남도 김해시 장유1동	128.815	35.202
4825062000	경상남도 김해시 장유2동	128.783	35.188
4825063000	경상남도 김해시 장유3동	128.811	35.168
4827000000	경상남도 밀양시	128.766	35.496
4827025000	경상남도 밀양시 삼랑진읍	128.858	35.427
4827025100	경상남도 밀양시 삼랑진임천출장소	128.8	35.453
4827025300	경상남도 밀양시 하남읍	128.733	35.386
4827029000	경상남도 밀양시 삼랑진임천출장소	128.8	35.453
4827031000	경상남도 밀양시 부북면	128.725	35.515
4827032000	경상남도 밀양시 상동면	128.785	35.555
4827033000	경상남도 밀양시 산외면	128.82	35.52
4827034000	경상남도 밀양시 산내면	128.938	35.596
4827035000	경상남도 밀양시 단장면	128.914	35.512
4827036000	경상남도 밀양시 상남면	128.765	35.414
4827037000	경상남도 밀양시 초동면	128.681	35.424
4827038000	경상남도 밀양시 무안면	128.642	35.488
4827039000	경상남도 밀양시 청도면	128.632	35.557
4827051000	경상남도 밀양시 내일동	128.803	35.485
4827052000	경상남도 밀양시 내이동	128.745	35.498
4827053000	경상남도 밀양시 삼문동	128.751	35.483
4827054000	경상남도 밀양시 가곡동	128.779	35.473
4827055000	경상남도 밀양시 교동	128.762	35.509
4831000000	경상남도 거제시	128.608	34.872
4831025000	경상남도 거제시 신현읍	128.601	34.895
4831031000	경상남도 거제시 일운면	128.688	34.82
4831032000	경상남도 거제시 동부면	128.618	34.797
4831033000	경상남도 거제시 남부면	128.618	34.739
4831034000	경상남도 거제시 거제면	128.609	34.848
4831035000	경상남도 거제시 둔덕면	128.512	34.85
4831036000	경상남도 거제시 사등면	128.539	34.897
4831036600	경상남도 거제시 사등면가조출장소	128.521	34.957
4831037000	경상남도 거제시 연초면	128.665	34.936
4831038000	경상남도 거제시 하청면	128.635	34.978
4831038500	경상남도 거제시 하청면칠천출장소	128.629	34.981
4831039000	경상남도 거제시 장목면	128.687	34.975
4831039500	경상남도 거제시 장목면외포출장소	128.715	34.943
4831051000	경상남도 거제시 장승포동	128.725	34.872
4831052000	경상남도 거제시 마전동	128.723	34.856
4831053000	경상남도 거제시 능포동	128.734	34.882
4831054000	경상남도 거제시 아주동	128.691	34.868
4831055000	경상남도 거제시 옥포1동	128.687	34.889
4831056000	경상남도 거제시 옥포2동	128.701	34.909
4831057000	경상남도 거제시 장평동	128.601	34.895
4831058000	경상남도 거제시 고현동	128.624	34.883
4831059000	경상남도 거제시 상문동	128.648	34.853
4831060000	경상남도 거제시 수양동	128.654	34.885
4833000000	경상남도 양산시	129.048	35.401
4833025000	경상남도 양산시 웅상읍	129.191	35.411
4833025100	경상남도 양산시 웅상읍덕계출장소	129.159	35.374
4833025300	경상남도 양산시 물금읍	128.996	35.312
4833029000	경상남도 양산시 웅상읍덕계출장소	129.159	35.374
4833031000	경상남도 양산시 동면	129.088	35.329
4833032000	경상남도 양산시 원동면	128.959	35.422
4833033000	경상남도 양산시 상북면	129.045	35.427
4833034000	경상남도 양산시 하북면	129.093	35.458
4833051000	경상남도 양산시 중앙동	129.075	35.344
4833051500	경상남도 양산시 양주동	129.03	35.338
4833052000	경상남도 양산시 삼성동	129.066	35.365
4833053000	경상남도 양산시 강서동	129.013	35.383
4833054000	경상남도 양산시 서창동	129.191	35.411
4833055000	경상남도 양산시 소주동	129.145	35.415
4833056000	경상남도 양산시 평산동	129.132	35.383
4833057000	경상남도 양산시 덕계동	129.171	35.371
4872000000	경상남도 의령군	128.287	35.386
4872025000	경상남도 의령군 의령읍	128.255	35.306
4872031000	경상남도 의령군 가례면	128.23	35.358
4872032000	경상남도 의령군 칠곡면	128.183	35.346
4872033000	경상남도 의령군 대의면	128.127	35.364
4872034000	경상남도 의령군 화정면	128.202	35.292
4872035000	경상남도 의령군 용덕면	128.282	35.36
4872036000	경상남도 의령군 정곡면	128.321	35.378
4872037000	경상남도 의령군 지정면	128.393	35.397
4872038000	경상남도 의령군 낙서면	128.398	35.485
4872039000	경상남도 의령군 부림면	128.34	35.467
4872040000	경상남도 의령군 봉수면	128.256	35.476
4872041000	경상남도 의령군 궁유면	128.236	35.432
4872041500	경상남도 의령군 궁류면	128.236	35.432
4872042000	경상남도 의령군 유곡면	128.313	35.423
4873000000	경상남도 함안군	128.442	35.282
4873025000	경상남도 함안군 가야읍	128.396	35.272
4873025300	경상남도 함안군 칠원읍	128.517	35.297
4873031000	경상남도 함안군 함안면	128.425	35.235
4873032000	경상남도 함안군 군북면	128.32	35.258
4873033000	경상남도 함안군 법수면	128.359	35.33
4873034000	경상남도 함안군 대산면	128.424	35.353
4873035000	경상남도 함안군 칠서면	128.484	35.352
4873036000	경상남도 함안군 칠북면	128.53	35.354
4873037000	경상남도 함안군 칠원읍	128.517	35.299
4873038000	경상남도 함안군 산인면	128.458	35.274
4873039000	경상남도 함안군 여항면	128.446	35.194
4874000000	경상남도 창녕군	128.472	35.526
4874025000	경상남도 창녕군 창녕읍	128.525	35.526
4874025300	경상남도 창녕군 남지읍	128.413	35.433
4874031000	경상남도 창녕군 고암면	128.53	35.573
4874032000	경상남도 창녕군 성산면	128.497	35.631
4874033000	경상남도 창녕군 대합면	128.456	35.596
4874034000	경상남도 창녕군 이방면	128.387	35.566
4874035000	경상남도 창녕군 유어면	128.406	35.517
4874036000	경상남도 창녕군 대지면	128.462	35.544
4874037000	경상남도 창녕군 계성면	128.506	35.471
4874038000	경상남도 창녕군 영산면	128.499	35.441
4874039000	경상남도 창녕군 장마면	128.459	35.468
4874040000	경상남도 창녕군 도천면	128.533	35.425
4874041000	경상남도 창녕군 길곡면	128.577	35.409
4874042000	경상남도 창녕군 부곡면	128.623	35.415
4882000000	경상남도 고성군	128.257	35.01
4882011000	경상남도 고성군 고성읍	128.297	34.977
4882025000	경상남도 고성군 고성읍	128.297	34.977
4882031000	경상남도 고성군 삼산면	128.284	34.936
4882032000	경상남도 고성군 하일면	128.179	34.935
4882033000	경상남도 고성군 하이면	128.143	34.94
4882034000	경상남도 고성군 상리면	128.192	35.004
4882035000	경상남도 고성군 대가면	128.284	35.027
4882036000	경상남도 고성군 영현면	128.215	35.044
4882037000	경상남도 고성군 영오면	128.22	35.104
4882038000	경상남도 고성군 개천면	128.279	35.091
4882039000	경상남도 고성군 구만면	128.335	35.093
4882040000	경상남도 고성군 회화면	128.391	35.077
4882041000	경상남도 고성군 마암면	128.346	35.043
4882042000	경상남도 고성군 동해면	128.436	35.032
4882043000	경상남도 고성군 거류면	128.377	34.984
4884000000	경상남도 남해군	127.881	34.824
4884025000	경상남도 남해군 남해읍	127.898	34.827
4884031000	경상남도 남해군 이동면	127.953	34.789
4884032000	경상남도 남해군 상주면	127.979	34.733
4884033000	경상남도 남해군 삼동면	128.025	34.788
4884034000	경상남도 남해군 미조면	128.025	34.733
4884035000	경상남도 남해군 남면	127.874	34.761
4884036000	경상남도 남해군 서면	127.841	34.838
4884037000	경상남도 남해군 고현면	127.86	34.889
4884038000	경상남도 남해군 설천면	127.916	34.913
4884039000	경상남도 남해군 창선면	128.042	34.875
4885000000	경상남도 하동군	127.786	35.135
4885025000	경상남도 하동군 하동읍	127.749	35.078
4885031000	경상남도 하동군 화개면	127.65	35.242
4885032000	경상남도 하동군 악양면	127.71	35.173
4885033000	경상남도 하동군 적량면	127.763	35.107
4885034000	경상남도 하동군 횡천면	127.817	35.121
4885035000	경상남도 하동군 고전면	127.821	35.029
4885036000	경상남도 하동군 금남면	127.861	34.978
4885037000	경상남도 하동군 진교면	127.899	35.034
4885038000	경상남도 하동군 양보면	127.841	35.07
4885039000	경상남도 하동군 북천면	127.874	35.123
4885040000	경상남도 하동군 청암면	127.768	35.193
4885041000	경상남도 하동군 옥종면	127.843	35.202
4885042000	경상남도 하동군 금성면	127.796	34.967
4886000000	경상남도 산청군	127.908	35.398
4886025000	경상남도 산청군 산청읍	127.909	35.411
4886031000	경상남도 산청군 차황면	127.942	35.473
4886032000	경상남도 산청군 오부면	127.896	35.491
4886033000	경상남도 산청군 생초면	127.85	35.516
4886034000	경상남도 산청군 금서면	127.824	35.421
4886035000	경상남도 산청군 삼장면	127.814	35.335
4886036000	경상남도 산청군 시천면	127.745	35.281
4886037000	경상남도 산청군 단성면	127.92	35.294
4886038000	경상남도 산청군 신안면	127.976	35.338
4886039000	경상남도 산청군 생비량면	128.056	35.35
4886040000	경상남도 산청군 신등면	128.006	35.411
4887000000	경상남도 함양군	127.721	35.544
4887011000	경상남도 함양군 함양읍	127.704	35.5
4887025000	경상남도 함양군 함양읍	127.704	35.5
4887031000	경상남도 함양군 마천면	127.689	35.384
4887032000	경상남도 함양군 휴천면	127.731	35.446
4887033000	경상남도 함양군 유림면	127.79	35.483
4887034000	경상남도 함양군 수동면	127.812	35.552
4887035000	경상남도 함양군 지곡면	127.755	35.579
4887036000	경상남도 함양군 안의면	127.799	35.658
4887037000	경상남도 함양군 서하면	127.72	35.635
4887038000	경상남도 함양군 서상면	127.691	35.695
4887039000	경상남도 함양군 백전면	127.621	35.559
4887040000	경상남도 함양군 병곡면	127.687	35.551
4888000000	경상남도 거창군	127.924	35.714
4888025000	경상남도 거창군 거창읍	127.908	35.692
4888031000	경상남도 거창군 주상면	127.918	35.77
4888032000	경상남도 거창군 웅양면	127.929	35.835
4888033000	경상남도 거창군 고제면	127.853	35.856
4888034000	경상남도 거창군 북상면	127.767	35.788
4888035000	경상남도 거창군 위천면	127.833	35.752
4888036000	경상남도 거창군 마리면	127.838	35.701
4888037000	경상남도 거창군 남상면	127.935	35.621
4888038000	경상남도 거창군 남하면	127.973	35.681
4888039000	경상남도 거창군 신원면	127.924	35.562
4888040000	경상남도 거창군 가조면	128.026	35.702
4888041000	경상남도 거창군 가북면	127.999	35.792
4889000000	경상남도 합천군	128.168	35.6
4889025000	경상남도 합천군 합천읍	128.127	35.607
4889031000	경상남도 합천군 봉산면	128.04	35.62
4889032000	경상남도 합천군 묘산면	128.11	35.66
4889033000	경상남도 합천군 가야면	128.1	35.761
4889034000	경상남도 합천군 야로면	128.173	35.718
4889035000	경상남도 합천군 율곡면	128.221	35.596
4889036000	경상남도 합천군 초계면	128.238	35.537
4889037000	경상남도 합천군 쌍책면	128.271	35.608
4889038000	경상남도 합천군 덕곡면	128.329	35.624
4889039000	경상남도 합천군 청덕면	128.333	35.561
4889040000	경상남도 합천군 적중면	128.284	35.543
4889041000	경상남도 합천군 대양면	128.191	35.52
4889042000	경상남도 합천군 쌍백면	128.161	35.445
4889043000	경상남도 합천군 삼가면	128.123	35.419
4889044000	경상남도 합천군 가회면	128.029	35.458
4889045000	경상남도 합천군 대병면	128.013	35.528
4889046000	경상남도 합천군 용주면	128.111	35.537
4900000000	제주도	126.559	33.379
4911000000	제주도 제주시	126.512	33.493
4911025000	제주도 제주시 한림읍	126.269	33.384
4911025300	제주도 제주시 애월읍	126.376	33.415
4911025600	제주도 제주시 구좌읍	126.822	33.492
4911025900	제주도 제주시 조천읍	126.682	33.464
4911031000	제주도 제주시 한경면	126.225	33.325
4911032000	제주도 제주시 추자면	126.342	34.009
4911033000	제주도 제주시 우도면	126.955	33.507
4911051000	제주도 제주시 일도1동	126.529	33.513
4911052000	제주도 제주시 일도2동	126.539	33.506
4911053000	제주도 제주시 이도1동	126.527	33.507
4911054000	제주도 제주시 이도2동	126.531	33.491
4911055000	제주도 제주시 삼도1동	126.52	33.504
4911056000	제주도 제주시 삼도2동	126.521	33.512
4911057000	제주도 제주시 용담1동	126.514	33.509
4911058000	제주도 제주시 용담2동	126.5	33.508
4911059000	제주도 제주시 건입동	126.537	33.518
4911060000	제주도 제주시 화북동	126.566	33.507
4911061000	제주도 제주시 삼양동	126.595	33.516
4911062000	제주도 제주시 봉개동	126.614	33.454
4911063000	제주도 제주시 아라동	126.564	33.43
4911064000	제주도 제주시 오라동	126.515	33.437
4911065000	제주도 제주시 연동	126.494	33.454
4911066000	제주도 제주시 노형동	126.469	33.433
4911067000	제주도 제주시 외도동	126.439	33.483
4911068000	제주도 제주시 이호동	126.458	33.495
4911069000	제주도 제주시 도두동	126.478	33.502
4913000000	제주도 서귀포시	126.562	33.254
4913025000	제주도 서귀포시 대정읍	126.244	33.251
4913025300	제주도 서귀포시 남원읍	126.677	33.323
4913025900	제주도 서귀포시 성산읍	126.862	33.409
4913031000	제주도 서귀포시 안덕면	126.334	33.283
4913032000	제주도 서귀포시 표선면	126.761	33.372
4913051000	제주도 서귀포시 송산동	126.593	33.246
4913052000	제주도 서귀포시 정방동	126.565	33.246
4913053000	제주도 서귀포시 중앙동	126.564	33.251
4913054000	제주도 서귀포시 천지동	126.551	33.245
4913055000	제주도 서귀포시 효돈동	126.609	33.259
4913056000	제주도 서귀포시 영천동	126.578	33.306
4913057000	제주도 서귀포시 동홍동	126.554	33.297
4913058000	제주도 서귀포시 서홍동	126.533	33.306
4913059000	제주도 서귀포시 대륜동	126.516	33.295
4913060000	제주도 서귀포시 대천동	126.492	33.292
4913061000	제주도 서귀포시 중문동	126.45	33.296
4913062000	제주도 서귀포시 예래동	126.413	33.294
4971000000	제주도 북제주군	126.697	33.493
4971025000	제주도 북제주군 한림읍	126.269	33.384
4971025300	제주도 북제주군 애월읍	126.376	33.415
4971025600	제주도 북제주군 구좌읍	126.822	33.492
4971025900	제주도 북제주군 조천읍	126.682	33.464
4971031000	제주도 북제주군 한경면	126.225	33.325
4971032000	제주도 북제주군 추자면	126.342	34.009
4971033000	제주도 북제주군 우도면	126.955	33.507
4972000000	제주도 남제주군	126.393	33.276
4972025000	제주도 남제주군 대정읍	126.244	33.251
4972025100	제주도 남제주군 대정읍무릉출장소	126.202	33.271
4972025300	제주도 남제주군 남원읍	126.677	33.323
4972025400	제주도 남제주군 남원읍위미출장소	126.658	33.275
4972025600	제주도 남제주군 성산읍	126.862	33.409
4972025700	제주도 남제주군 성산읍신산출장소	126.876	33.38
4972025900	제주도 남제주군 성산읍	126.862	33.409
4972026000	제주도 남제주군 성산읍신산출장소	126.876	33.38
4972029000	제주도 남제주군 대정읍무릉출장소	126.202	33.271
4972029100	제주도 남제주군 남원읍위미출장소	126.658	33.275
4972029200	제주도 남제주군 성산읍신산출장소	126.876	33.38
4972031000	제주도 남제주군 안덕면	126.334	33.283
4972032000	제주도 남제주군 표선면	126.761	33.372
5000000000	제주특별자치도	126.564	33.379
5011000000	제주특별자치도 제주시	126.482	33.42
5011025000	제주특별자치도 제주시 한림읍	126.269	33.384
5011025300	제주특별자치도 제주시 애월읍	126.376	33.415
5011025600	제주특별자치도 제주시 구좌읍	126.822	33.492
5011025900	제주특별자치도 제주시 조천읍	126.682	33.464
5011031000	제주특별자치도 제주시 한경면	126.225	33.325
5011032000	제주특별자치도 제주시 추자면	126.342	34.009
5011033000	제주특별자치도 제주시 우도면	126.955	33.507
5011051000	제주특별자치도 제주시 일도1동	126.529	33.513
5011052000	제주특별자치도 제주시 일도2동	126.539	33.506
5011053000	제주특별자치도 제주시 이도1동	126.527	33.507
5011054000	제주특별자치도 제주시 이도2동	126.531	33.491
5011055000	제주특별자치도 제주시 삼도1동	126.52	33.504
5011056000	제주특별자치도 제주시 삼도2동	126.521	33.512
5011057000	제주특별자치도 제주시 용담1동	126.514	33.509
5011058000	제주특별자치도 제주시 용담2동	126.5	33.508
5011059000	제주특별자치도 제주시 건입동	126.537	33.517
5011060000	제주특별자치도 제주시 화북동	126.566	33.507
5011061000	제주특별자치도 제주시 삼양동	126.595	33.516
5011062000	제주특별자치도 제주시 봉개동	126.614	33.454
5011063000	제주특별자치도 제주시 아라동	126.564	33.43
5011064000	제주특별자치도 제주시 오라동	126.515	33.437
5011065000	제주특별자치도 제주시 연동	126.494	33.454
5011066000	제주특별자치도 제주시 노형동	126.469	33.433
5011067000	제주특별자치도 제주시 외도동	126.439	33.483
5011068000	제주특별자치도 제주시 이호동	126.458	33.495
5011069000	제주특별자치도 제주시 도두동	126.478	33.502
5013000000	제주특별자치도 서귀포시	126.645	33.339
5013025000	제주특별자치도 서귀포시 대정읍	126.244	33.251
5013025300	제주특별자치도 서귀포시 남원읍	126.677	33.323
5013025900	제주특별자치도 서귀포시 성산읍	126.862	33.409
5013031000	제주특별자치도 서귀포시 안덕면	126.334	33.283
5013032000	제주특별자치도 서귀포시 표선면	126.761	33.372
5013051000	제주특별자치도 서귀포시 송산동	126.593	33.246
5013052000	제주특별자치도 서귀포시 정방동	126.565	33.246
5013053000	제주특별자치도 서귀포시 중앙동	126.564	33.251
5013054000	제주특별자치도 서귀포시 천지동	126.551	33.245
5013055000	제주특별자치도 서귀포시 효돈동	126.609	33.259
5013056000	제주특별자치도 서귀포시 영천동	126.578	33.306
5013057000	제주특별자치도 서귀포시 동홍동	126.554	33.297
5013058000	제주특별자치도 서귀포시 서홍동	126.533	33.306
5013059000	제주특별자치도 서귀포시 대륜동	126.516	33.295
5013060000	제주특별자치도 서귀포시 대천동	126.492	33.292
5013061000	제주특별자치도 서귀포시 중문동	126.45	33.296
5013062000	제주특별자치도 서귀포시 예래동	126.413	33.294
5100000000	강원특별자치도	128.238	37.864
5111000000	강원특별자치도 춘천시	127.788	37.88
5111025000	강원특별자치도 춘천시 신북읍	127.732	37.966
5111031000	강원특별자치도 춘천시 동면	127.839	37.888
5111032000	강원특별자치도 춘천시 동산면	127.789	37.775
5111033000	강원특별자치도 춘천시 신동면	127.7	37.806
5111034000	강원특별자치도 춘천시 남면	127.618	37.731
5111035000	강원특별자치도 춘천시 서면	127.663	37.904
5111036000	강원특별자치도 춘천시 사북면	127.664	38.02
5111038000	강원특별자치도 춘천시 북산면	127.889	37.962
5111039000	강원특별자치도 춘천시 동내면	127.781	37.838
5111040000	강원특별자치도 춘천시 남산면	127.691	37.763
5111052000	강원특별자치도 춘천시 교동	127.737	37.882
5111053000	강원특별자치도 춘천시 조운동	127.732	37.878
5111054500	강원특별자치도 춘천시 약사명동	127.725	37.876
5111057000	강원특별자치도 춘천시 근화동	127.715	37.891
5111058000	강원특별자치도 춘천시 소양동	127.727	37.883
5111060000	강원특별자치도 춘천시 후평1동	127.746	37.887
5111061000	강원특별자치도 춘천시 후평2동	127.749	37.876
5111061100	강원특별자치도 춘천시 후평3동	127.756	37.877
5111062000	강원특별자치도 춘천시 효자1동	127.728	37.872
5111063000	강원특별자치도 춘천시 효자2동	127.741	37.869
5111064000	강원특별자치도 춘천시 효자3동	127.742	37.875
5111065000	강원특별자치도 춘천시 석사동	127.745	37.857
5111066000	강원특별자치도 춘천시 퇴계동	127.728	37.855
5111067500	강원특별자치도 춘천시 강남동	127.698	37.858
5111070500	강원특별자치도 춘천시 신사우동	127.73	37.92
5113000000	강원특별자치도 원주시	127.902	37.325
5113025000	강원특별자치도 원주시 문막읍	127.808	37.285
5113031000	강원특별자치도 원주시 소초면	128.021	37.402
5113032000	강원특별자치도 원주시 호저면	127.914	37.446
5113033000	강원특별자치도 원주시 지정면	127.828	37.388
5113035000	강원특별자치도 원주시 부론면	127.789	37.209
5113036000	강원특별자치도 원주시 귀래면	127.885	37.198
5113037000	강원특별자치도 원주시 흥업면	127.896	37.287
5113038000	강원특별자치도 원주시 판부면	127.989	37.287
5113039000	강원특별자치도 원주시 신림면	128.123	37.252
5113051500	강원특별자치도 원주시 중앙동	127.945	37.362
5113052000	강원특별자치도 원주시 원인동	127.947	37.344
5113053000	강원특별자치도 원주시 개운동	127.958	37.338
5113054100	강원특별자치도 원주시 명륜1동	127.946	37.339
5113054200	강원특별자치도 원주시 명륜2동	127.942	37.331
5113055000	강원특별자치도 원주시 단구동	127.954	37.325
5113056000	강원특별자치도 원주시 일산동	127.944	37.347
5113057500	강원특별자치도 원주시 학성동	127.94	37.356
5113059000	강원특별자치도 원주시 단계동	127.927	37.351
5113060000	강원특별자치도 원주시 우산동	127.93	37.38
5113061000	강원특별자치도 원주시 태장1동	127.96	37.364
5113062000	강원특별자치도 원주시 태장2동	127.953	37.387
5113063500	강원특별자치도 원주시 봉산동	127.985	37.357
5113065000	강원특별자치도 원주시 행구동	128.007	37.343
5113066000	강원특별자치도 원주시 무실동	127.921	37.327
5113067500	강원특별자치도 원주시 반곡관설동	127.997	37.316
5115000000	강원특별자치도 강릉시	128.883	37.711
5115025000	강원특별자치도 강릉시 주문진읍	128.754	37.888
5115031000	강원특별자치도 강릉시 성산면	128.797	37.733
5115032000	강원특별자치도 강릉시 왕산면	128.802	37.6
5115033000	강원특별자치도 강릉시 구정면	128.889	37.695
5115034000	강원특별자치도 강릉시 강동면	128.981	37.687
5115035000	강원특별자치도 강릉시 옥계면	128.973	37.599
5115036000	강원특별자치도 강릉시 사천면	128.809	37.797
5115037000	강원특별자치도 강릉시 연곡면	128.687	37.829
5115051000	강원특별자치도 강릉시 홍제동	128.872	37.751
5115052000	강원특별자치도 강릉시 중앙동	128.896	37.753
5115054000	강원특별자치도 강릉시 옥천동	128.901	37.759
5115055000	강원특별자치도 강릉시 교1동	128.883	37.766
5115056000	강원특별자치도 강릉시 교2동	128.896	37.771
5115057100	강원특별자치도 강릉시 포남1동	128.907	37.764
5115057200	강원특별자치도 강릉시 포남2동	128.908	37.779
5115058000	강원특별자치도 강릉시 초당동	128.916	37.791
5115059000	강원특별자치도 강릉시 송정동	128.929	37.779
5115060000	강원특별자치도 강릉시 내곡동	128.874	37.738
5115061500	강원특별자치도 강릉시 강남동	128.917	37.733
5115064500	강원특별자치도 강릉시 성덕동	128.936	37.756
5115066500	강원특별자치도 강릉시 경포동	128.873	37.789
5117000000	강원특별자치도 동해시	129.045	37.517
5117051000	강원특별자치도 동해시 천곡동	129.1	37.524
5117052000	강원특별자치도 동해시 송정동	129.126	37.5
5117053000	강원특별자치도 동해시 북삼동	129.097	37.485
5117054000	강원특별자치도 동해시 부곡동	129.071	37.533
5117055000	강원특별자치도 동해시 동호동	129.089	37.549
5117057000	강원특별자치도 동해시 발한동	129.109	37.548
5117059000	강원특별자치도 동해시 묵호동	129.113	37.563
5117060000	강원특별자치도 동해시 북평동	129.121	37.473
5117063000	강원특별자치도 동해시 망상동	129.077	37.571
5117065000	강원특별자치도 동해시 삼화동	129.032	37.488
5119000000	강원특별자치도 태백시	128.957	37.203
5119051500	강원특별자치도 태백시 황지동	128.993	37.17
5119052500	강원특별자치도 태백시 황연동	129.039	37.168
5119053500	강원특별자치도 태백시 삼수동	128.97	37.253
5119054000	강원특별자치도 태백시 상장동	128.972	37.153
5119058500	강원특별자치도 태백시 문곡소도동	128.93	37.112
5119059500	강원특별자치도 태백시 장성동	128.993	37.098
5119060500	강원특별자치도 태백시 구문소동	129.04	37.092
5119061500	강원특별자치도 태백시 철암동	129.056	37.124
5121000000	강원특별자치도 속초시	128.516	38.176
5121051000	강원특별자치도 속초시 영랑동	128.571	38.217
5121052000	강원특별자치도 속초시 동명동	128.593	38.211
5121054000	강원특별자치도 속초시 금호동	128.583	38.209
5121056000	강원특별자치도 속초시 교동	128.583	38.203
5121057000	강원특별자치도 속초시 노학동	128.527	38.192
5121058000	강원특별자치도 속초시 조양동	128.582	38.186
5121059000	강원특별자치도 속초시 청호동	128.596	38.194
5121060000	강원특별자치도 속초시 대포동	128.504	38.161
5123000000	강원특별자치도 삼척시	129.173	37.257
5123025000	강원특별자치도 삼척시 도계읍	129.055	37.238
5123025300	강원특별자치도 삼척시 원덕읍	129.284	37.18
5123025400	강원특별자치도 삼척시 원덕읍임원출장소	129.343	37.233
5123031000	강원특별자치도 삼척시 근덕면	129.23	37.323
5123032000	강원특별자치도 삼척시 하장면	128.921	37.334
5123033000	강원특별자치도 삼척시 노곡면	129.145	37.298
5123034000	강원특별자치도 삼척시 미로면	129.07	37.408
5123035000	강원특별자치도 삼척시 가곡면	129.153	37.121
5123036000	강원특별자치도 삼척시 신기면	129.058	37.329
5123051000	강원특별자치도 삼척시 남양동	129.166	37.413
5123053000	강원특별자치도 삼척시 교동	129.16	37.459
5123054000	강원특별자치도 삼척시 정라동	129.181	37.44
5123057000	강원특별자치도 삼척시 성내동	129.133	37.435
5172000000	강원특별자치도 홍천군	128.186	37.749
5172025000	강원특별자치도 홍천군 홍천읍	127.85	37.671
5172031000	강원특별자치도 홍천군 화촌면	127.967	37.779
5172032000	강원특별자치도 홍천군 두촌면	128.039	37.865
5172033000	강원특별자치도 홍천군 내촌면	128.098	37.814
5172034000	강원특별자치도 홍천군 서석면	128.22	37.728
5172035200	강원특별자치도 홍천군 영귀미면	128.001	37.66
5172036000	강원특별자치도 홍천군 남면	127.759	37.625
5172037000	강원특별자치도 홍천군 서면	127.632	37.667
5172038000	강원특별자치도 홍천군 북방면	127.874	37.75
5172039000	강원특별자치도 홍천군 내면	128.381	37.791
5173000000	강원특별자치도 횡성군	128.101	37.491
5173025000	강원특별자치도 횡성군 횡성읍	127.992	37.496
5173031000	강원특별자치도 횡성군 우천면	128.079	37.469
5173032000	강원특별자치도 횡성군 안흥면	128.19	37.429
5173033000	강원특별자치도 횡성군 둔내면	128.252	37.539
5173034000	강원특별자치도 횡성군 갑천면	128.068	37.58
5173035000	강원특별자치도 횡성군 청일면	128.184	37.607
5173036000	강원특별자치도 횡성군 공근면	127.95	37.572
5173037000	강원특별자치도 횡성군 서원면	127.847	37.476
5173038000	강원특별자치도 횡성군 강림면	128.113	37.354
5175000000	강원특별자치도 영월군	128.458	37.218
5175025000	강원특별자치도 영월군 영월읍	128.508	37.201
5175025300	강원특별자치도 영월군 상동읍	128.791	37.111
5175031200	강원특별자치도 영월군 산솔면	128.69	37.168
5175032500	강원특별자치도 영월군 김삿갓면	128.631	37.096
5175033000	강원특별자치도 영월군 북면	128.427	37.274
5175034000	강원특별자치도 영월군 남면	128.391	37.168
5175035500	강원특별자치도 영월군 한반도면	128.345	37.226
5175035900	강원특별자치도 영월군 한반도면쌍용출장소	128.327	37.177
5175036000	강원특별자치도 영월군 주천면	128.334	37.299
5175038000	강원특별자치도 영월군 무릉도원면	128.241	37.341
5176000000	강원특별자치도 평창군	128.442	37.544
5176025000	강원특별자치도 평창군 평창읍	128.389	37.359
5176031000	강원특별자치도 평창군 미탄면	128.511	37.339
5176032000	강원특별자치도 평창군 방림면	128.317	37.456
5176032500	강원특별자치도 평창군 방림면계촌출장소	128.306	37.453
5176033000	강원특별자치도 평창군 대화면	128.425	37.505
5176034000	강원특별자치도 평창군 봉평면	128.343	37.601
5176035000	강원특별자치도 평창군 용평면	128.461	37.627
5176036000	강원특별자치도 평창군 진부면	128.565	37.639
5176038000	강원특별자치도 평창군 대관령면	128.685	37.685
5177000000	강원특별자치도 정선군	128.704	37.37
5177025000	강원특별자치도 정선군 정선읍	128.655	37.372
5177025300	강원특별자치도 정선군 고한읍	128.866	37.188
5177025600	강원특별자치도 정선군 사북읍	128.841	37.235
5177025900	강원특별자치도 정선군 신동읍	128.649	37.247
5177026000	강원특별자치도 정선군 신동읍함백출장소	128.671	37.218
5177032000	강원특별자치도 정선군 남면	128.732	37.276
5177034000	강원특별자치도 정선군 북평면	128.636	37.491
5177035000	강원특별자치도 정선군 임계면	128.877	37.466
5177036000	강원특별자치도 정선군 화암면	128.806	37.316
5177037000	강원특별자치도 정선군 여량면	128.73	37.48
5178000000	강원특별자치도 철원군	127.353	38.215
5178025000	강원특별자치도 철원군 철원읍	127.163	38.263
5178025300	강원특별자치도 철원군 김화읍	127.392	38.262
5178025600	강원특별자치도 철원군 갈말읍	127.314	38.212
5178025900	강원특별자치도 철원군 동송읍	127.237	38.238
5178031000	강원특별자치도 철원군 서면	127.429	38.185
5178031500	강원특별자치도 철원군 서면와수출장소	127.44	38.239
5178032000	강원특별자치도 철원군 근남면	127.501	38.23
5178033000	강원특별자치도 철원군 근북면	127.403	38.314
5179000000	강원특별자치도 화천군	127.691	38.173
5179025000	강원특별자치도 화천군 화천읍	127.78	38.218
5179031000	강원특별자치도 화천군 간동면	127.829	38.062
5179032000	강원특별자치도 화천군 하남면	127.668	38.079
5179033000	강원특별자치도 화천군 상서면	127.625	38.226
5179034000	강원특별자치도 화천군 사내면	127.506	38.078
5180000000	강원특별자치도 양구군	127.988	38.173
5180025000	강원특별자치도 양구군 양구읍	127.949	38.106
5180031500	강원특별자치도 양구군 국토정중앙면	128.049	38.095
5180032000	강원특별자치도 양구군 동면	128.058	38.238
5180033000	강원특별자치도 양구군 방산면	127.932	38.253
5180034000	강원특별자치도 양구군 해안면	128.123	38.283
5181000000	강원특별자치도 인제군	128.247	38.095
5181025000	강원특별자치도 인제군 인제읍	128.262	38.085
5181025100	강원특별자치도 인제군 인제읍귀둔출장소	128.366	38.016
5181031000	강원특별자치도 인제군 남면	128.105	37.998
5181032000	강원특별자치도 인제군 북면	128.279	38.176
5181033000	강원특별자치도 인제군 기린면	128.344	37.961
5181034000	강원특별자치도 인제군 서화면	128.239	38.278
5181035000	강원특별자치도 인제군 상남면	128.294	37.882
5182000000	강원특별자치도 고성군	128.361	38.403
5182025000	강원특별자치도 고성군 간성읍	128.377	38.326
5182025300	강원특별자치도 고성군 거진읍	128.366	38.432
5182031000	강원특별자치도 고성군 현내면	128.36	38.538
5182032000	강원특별자치도 고성군 죽왕면	128.509	38.334
5182033000	강원특별자치도 고성군 토성면	128.51	38.245
5183000000	강원특별자치도 양양군	128.624	38.012
5183025000	강원특별자치도 양양군 양양읍	128.61	38.082
5183031000	강원특별자치도 양양군 서면	128.556	37.999
5183032000	강원특별자치도 양양군 손양면	128.656	38.054
5183033000	강원특별자치도 양양군 현북면	128.638	37.951
5183034000	강원특별자치도 양양군 현남면	128.741	37.943
5183035000	강원특별자치도 양양군 강현면	128.553	38.132
5200000000	전북특별자치도	127.156	35.736
5211100000	전북특별자치도 전주시 완산구	127.133	35.787
5211151000	전북특별자치도 전주시 완산구 중앙동	127.141	35.82
5211153000	전북특별자치도 전주시 완산구 풍남동	127.158	35.815
5211160500	전북특별자치도 전주시 완산구 노송동	127.153	35.824
5211163500	전북특별자치도 전주시 완산구 완산동	127.134	35.808
5211165000	전북특별자치도 전주시 완산구 동서학동	127.185	35.792
5211166000	전북특별자치도 전주시 완산구 서서학동	127.151	35.795
5211167100	전북특별자치도 전주시 완산구 중화산1동	127.131	35.814
5211167200	전북특별자치도 전주시 완산구 중화산2동	127.121	35.819
5211168000	전북특별자치도 전주시 완산구 서신동	127.115	35.835
5211169100	전북특별자치도 전주시 완산구 평화1동	127.142	35.792
5211169200	전북특별자치도 전주시 완산구 평화2동	127.13	35.775
5211170100	전북특별자치도 전주시 완산구 삼천1동	127.127	35.8
5211170200	전북특별자치도 전주시 완산구 삼천2동	127.123	35.795
5211170300	전북특별자치도 전주시 완산구 삼천3동	127.085	35.769
5211171100	전북특별자치도 전주시 완산구 효자1동	127.132	35.805
5211171200	전북특별자치도 전주시 완산구 효자2동	127.12	35.809
5211171300	전북특별자치도 전주시 완산구 효자3동	127.113	35.806
5211171400	전북특별자치도 전주시 완산구 효자4동	127.09	35.817
5211173000	전북특별자치도 전주시 완산구 효자5동	127.093	35.827
5211300000	전북특별자치도 전주시 덕진구	127.125	35.852
5211352500	전북특별자치도 전주시 덕진구 진북동	127.132	35.826
5211354000	전북특별자치도 전주시 덕진구 인후1동	127.155	35.837
5211355000	전북특별자치도 전주시 덕진구 인후2동	127.148	35.84
5211356000	전북특별자치도 전주시 덕진구 인후3동	127.164	35.828
5211357000	전북특별자치도 전주시 덕진구 덕진동	127.131	35.851
5211358000	전북특별자치도 전주시 덕진구 금암1동	127.133	35.838
5211359000	전북특별자치도 전주시 덕진구 금암2동	127.142	35.843
5211360000	전북특별자치도 전주시 덕진구 팔복동	127.1	35.856
5211361100	전북특별자치도 전주시 덕진구 우아1동	127.159	35.851
5211361200	전북특별자치도 전주시 덕진구 우아2동	127.189	35.83
5211362000	전북특별자치도 전주시 덕진구 호성동	127.148	35.876
5211364100	전북특별자치도 전주시 덕진구 송천1동	127.132	35.866
5211364200	전북특별자치도 전주시 덕진구 송천2동	127.113	35.876
5211365000	전북특별자치도 전주시 덕진구 조촌동	127.041	35.875
5211366500	전북특별자치도 전주시 덕진구 여의동	127.062	35.862
5211367000	전북특별자치도 전주시 덕진구 혁신동	127.062	35.831
5213000000	전북특별자치도 군산시	126.713	35.971
5213025000	전북특별자치도 군산시 옥구읍	126.69	35.913
5213031000	전북특별자치도 군산시 옥산면	126.742	35.937
5213032000	전북특별자치도 군산시 회현면	126.767	35.912
5213033000	전북특별자치도 군산시 임피면	126.846	35.978
5213034000	전북특별자치도 군산시 서수면	126.881	36.003
5213035000	전북특별자치도 군산시 대야면	126.843	35.942
5213036000	전북특별자치도 군산시 개정면	126.787	35.962
5213037000	전북특별자치도 군산시 성산면	126.797	36.001
5213038000	전북특별자치도 군산시 나포면	126.829	36.026
5213039000	전북특별자치도 군산시 옥도면	126.427	35.802
5213040000	전북특별자치도 군산시 옥서면	126.63	35.915
5213051500	전북특별자치도 군산시 해신동	126.699	35.991
5213053000	전북특별자치도 군산시 월명동	126.714	35.988
5213055000	전북특별자치도 군산시 신풍동	126.7	35.977
5213056000	전북특별자치도 군산시 삼학동	126.71	35.979
5213060500	전북특별자치도 군산시 중앙동	126.724	35.989
5213064000	전북특별자치도 군산시 흥남동	126.72	35.976
5213065000	전북특별자치도 군산시 조촌동	126.738	35.971
5213066000	전북특별자치도 군산시 경암동	126.733	35.986
5213067000	전북특별자치도 군산시 구암동	126.749	35.995
5213068000	전북특별자치도 군산시 개정동	126.755	35.968
5213069000	전북특별자치도 군산시 수송동	126.717	35.958
5213070100	전북특별자치도 군산시 나운1동	126.696	35.97
5213070200	전북특별자치도 군산시 나운2동	126.705	35.965
5213070300	전북특별자치도 군산시 나운3동	126.685	35.947
5213071000	전북특별자치도 군산시 소룡동	126.564	35.962
5213072000	전북특별자치도 군산시 미성동	126.628	35.953
5214000000	전북특별자치도 익산시	127.006	36.019
5214025000	전북특별자치도 익산시 함열읍	126.967	36.06
5214031000	전북특별자치도 익산시 오산면	126.906	35.944
5214032000	전북특별자치도 익산시 황등면	126.94	36.024
5214033000	전북특별자치도 익산시 함라면	126.899	36.041
5214034000	전북특별자치도 익산시 웅포면	126.894	36.092
5214035000	전북특별자치도 익산시 성당면	126.926	36.1
5214036000	전북특별자치도 익산시 용안면	126.958	36.12
5214037000	전북특별자치도 익산시 낭산면	127.023	36.063
5214038000	전북특별자치도 익산시 망성면	127.039	36.112
5214039000	전북특별자치도 익산시 여산면	127.099	36.051
5214040000	전북특별자치도 익산시 금마면	127.037	36.009
5214041000	전북특별자치도 익산시 왕궁면	127.08	35.973
5214042000	전북특별자치도 익산시 춘포면	127.027	35.927
5214043000	전북특별자치도 익산시 삼기면	126.992	36.018
5214044000	전북특별자치도 익산시 용동면	127.0	36.109
5214052000	전북특별자치도 익산시 중앙동	126.949	35.939
5214053000	전북특별자치도 익산시 평화동	126.928	35.924
5214056000	전북특별자치도 익산시 인화동	126.949	35.925
5214057000	전북특별자치도 익산시 동산동	126.969	35.916
5214058000	전북특별자치도 익산시 마동	126.963	35.941
5214059500	전북특별자치도 익산시 남중동	126.956	35.948
5214061000	전북특별자치도 익산시 모현동	126.942	35.953
5214062000	전북특별자치도 익산시 송학동	126.935	35.941
5214064600	전북특별자치도 익산시 영등1동	126.972	35.953
5214064700	전북특별자치도 익산시 영등2동	126.972	35.967
5214065200	전북특별자치도 익산시 어양동	126.984	35.96
5214065600	전북특별자치도 익산시 신동	126.945	35.972
5214067000	전북특별자치도 익산시 팔봉동	127.012	35.96
5214069000	전북특별자치도 익산시 삼성동	126.984	35.978
5218000000	전북특별자치도 정읍시	126.908	35.61
5218025000	전북특별자치도 정읍시 신태인읍	126.879	35.701
5218031000	전북특별자치도 정읍시 북면	126.907	35.599
5218032000	전북특별자치도 정읍시 입암면	126.8	35.506
5218033000	전북특별자치도 정읍시 소성면	126.785	35.553
5218034000	전북특별자치도 정읍시 고부면	126.76	35.603
5218035000	전북특별자치도 정읍시 영원면	126.769	35.655
5218036000	전북특별자치도 정읍시 덕천면	126.826	35.63
5218037000	전북특별자치도 정읍시 이평면	126.829	35.669
5218038000	전북특별자치도 정읍시 정우면	126.891	35.646
5218039000	전북특별자치도 정읍시 태인면	126.936	35.647
5218040000	전북특별자치도 정읍시 감곡면	126.905	35.722
5218041000	전북특별자치도 정읍시 옹동면	126.986	35.651
5218042000	전북특별자치도 정읍시 칠보면	126.967	35.578
5218043000	전북특별자치도 정읍시 산내면	127.034	35.551
5218044000	전북특별자치도 정읍시 산외면	127.053	35.629
5218051000	전북특별자치도 정읍시 수성동	126.86	35.585
5218052000	전북특별자치도 정읍시 장명동	126.88	35.57
5218053500	전북특별자치도 정읍시 내장상동	126.903	35.522
5218054500	전북특별자치도 정읍시 시기동	126.856	35.564
5218056500	전북특별자치도 정읍시 초산동	126.854	35.556
5218057000	전북특별자치도 정읍시 연지동	126.843	35.572
5218058000	전북특별자치도 정읍시 농소동	126.829	35.595
5218059500	전북특별자치도 정읍시 상교동	126.852	35.52
5219000000	전북특별자치도 남원시	127.48	35.432
5219025000	전북특별자치도 남원시 운봉읍	127.539	35.425
5219031000	전북특별자치도 남원시 주천면	127.456	35.382
5219032000	전북특별자치도 남원시 수지면	127.369	35.334
5219033000	전북특별자치도 남원시 송동면	127.339	35.35
5219034000	전북특별자치도 남원시 주생면	127.302	35.382
5219035000	전북특별자치도 남원시 금지면	127.279	35.339
5219036000	전북특별자치도 남원시 대강면	127.233	35.371
5219037000	전북특별자치도 남원시 대산면	127.322	35.428
5219038000	전북특별자치도 남원시 사매면	127.351	35.478
5219039000	전북특별자치도 남원시 덕과면	127.365	35.523
5219040000	전북특별자치도 남원시 보절면	127.427	35.511
5219041000	전북특별자치도 남원시 산동면	127.481	35.502
5219042000	전북특별자치도 남원시 이백면	127.458	35.431
5219045000	전북특별자치도 남원시 아영면	127.599	35.508
5219046000	전북특별자치도 남원시 산내면	127.587	35.38
5219047000	전북특별자치도 남원시 인월면	127.607	35.463
5219051000	전북특별자치도 남원시 동충동	127.384	35.412
5219052000	전북특별자치도 남원시 죽항동	127.383	35.407
5219054000	전북특별자치도 남원시 노암동	127.388	35.396
5219055000	전북특별자치도 남원시 금동	127.366	35.398
5219056000	전북특별자치도 남원시 왕정동	127.359	35.411
5219057000	전북특별자치도 남원시 향교동	127.372	35.44
5219059000	전북특별자치도 남원시 도통동	127.412	35.44
5221000000	전북특별자치도 김제시	126.912	35.793
5221025000	전북특별자치도 김제시 만경읍	126.818	35.867
5221032000	전북특별자치도 김제시 죽산면	126.812	35.769
5221033000	전북특별자치도 김제시 백산면	126.9	35.846
5221034000	전북특별자치도 김제시 용지면	126.973	35.847
5221035000	전북특별자치도 김제시 백구면	126.963	35.889
5221036000	전북특별자치도 김제시 부량면	126.844	35.738
5221038000	전북특별자치도 김제시 공덕면	126.901	35.886
5221039000	전북특별자치도 김제시 청하면	126.85	35.89
5221040000	전북특별자치도 김제시 성덕면	126.816	35.822
5221041000	전북특별자치도 김제시 진봉면	126.752	35.848
5221042000	전북특별자치도 김제시 금구면	127.025	35.782
5221043000	전북특별자치도 김제시 봉남면	126.951	35.745
5221044000	전북특별자치도 김제시 황산면	126.963	35.789
5221045000	전북특별자치도 김제시 금산면	127.026	35.713
5221046000	전북특별자치도 김제시 광활면	126.749	35.827
5221051000	전북특별자치도 김제시 요촌동	126.894	35.82
5221052000	전북특별자치도 김제시 신풍동	126.922	35.774
5221054000	전북특별자치도 김제시 검산동	126.923	35.817
5221058000	전북특별자치도 김제시 교월동	126.865	35.786
5271000000	전북특별자치도 완주군	127.245	35.875
5271025000	전북특별자치도 완주군 삼례읍	127.08	35.916
5271025300	전북특별자치도 완주군 봉동읍	127.142	35.95
5271025600	전북특별자치도 완주군 용진읍	127.181	35.897
5271032000	전북특별자치도 완주군 상관면	127.217	35.755
5271033000	전북특별자치도 완주군 이서면	127.024	35.828
5271034000	전북특별자치도 완주군 소양면	127.253	35.859
5271035000	전북특별자치도 완주군 구이면	127.1	35.701
5271036000	전북특별자치도 완주군 고산면	127.22	35.968
5271037000	전북특별자치도 완주군 비봉면	127.166	36.009
5271038000	전북특별자치도 완주군 운주면	127.329	36.06
5271039000	전북특별자치도 완주군 화산면	127.205	36.047
5271040000	전북특별자치도 완주군 동상면	127.298	35.935
5271041000	전북특별자치도 완주군 경천면	127.283	36.039
5272000000	전북특별자치도 진안군	127.457	35.823
5272025000	전북특별자치도 진안군 진안읍	127.439	35.778
5272031000	전북특별자치도 진안군 용담면	127.486	35.947
5272032000	전북특별자치도 진안군 안천면	127.552	35.905
5272033000	전북특별자치도 진안군 동향면	127.574	35.837
5272034000	전북특별자치도 진안군 상전면	127.5	35.844
5272035000	전북특별자치도 진안군 백운면	127.415	35.676
5272036000	전북특별자치도 진안군 성수면	127.318	35.727
5272037000	전북특별자치도 진안군 마령면	127.372	35.74
5272038000	전북특별자치도 진안군 부귀면	127.374	35.844
5272039000	전북특별자치도 진안군 정천면	127.436	35.882
5272040000	전북특별자치도 진안군 주천면	127.397	35.97
5273000000	전북특별자치도 무주군	127.716	35.928
5273025000	전북특별자치도 무주군 무주읍	127.663	36.012
5273031000	전북특별자치도 무주군 무풍면	127.845	35.925
5273032000	전북특별자치도 무주군 설천면	127.78	35.938
5273033000	전북특별자치도 무주군 적상면	127.665	35.936
5273034000	전북특별자치도 무주군 안성면	127.681	35.84
5273035000	전북특별자치도 무주군 부남면	127.565	35.958
5274000000	전북특별자치도 장수군	127.55	35.654
5274025000	전북특별자치도 장수군 장수읍	127.525	35.62
5274031000	전북특별자치도 장수군 산서면	127.412	35.584
5274032000	전북특별자치도 장수군 번암면	127.514	35.556
5274033500	전북특별자치도 장수군 장계면	127.631	35.71
5274034000	전북특별자치도 장수군 천천면	127.527	35.737
5274035000	전북특별자치도 장수군 계남면	127.577	35.69
5274036000	전북특별자치도 장수군 계북면	127.635	35.794
5275000000	전북특별자치도 임실군	127.261	35.618
5275025000	전북특별자치도 임실군 임실읍	127.268	35.589
5275031000	전북특별자치도 임실군 청웅면	127.219	35.56
5275032000	전북특별자치도 임실군 운암면	127.159	35.614
5275033000	전북특별자치도 임실군 신평면	127.233	35.647
5275034000	전북특별자치도 임실군 성수면	127.37	35.623
5275035500	전북특별자치도 임실군 오수면	127.329	35.539
5275036000	전북특별자치도 임실군 신덕면	127.185	35.692
5275037000	전북특별자치도 임실군 삼계면	127.261	35.512
5275038000	전북특별자치도 임실군 관촌면	127.273	35.708
5275039000	전북특별자치도 임실군 강진면	127.141	35.544
5275040000	전북특별자치도 임실군 덕치면	127.172	35.498
5275041000	전북특별자치도 임실군 지사면	127.358	35.579
5277000000	전북특별자치도 순창군	127.171	35.428
5277025000	전북특별자치도 순창군 순창읍	127.131	35.372
5277031000	전북특별자치도 순창군 인계면	127.149	35.421
5277032000	전북특별자치도 순창군 동계면	127.256	35.455
5277033000	전북특별자치도 순창군 풍산면	127.143	35.331
5277034000	전북특별자치도 순창군 금과면	127.084	35.334
5277035000	전북특별자치도 순창군 팔덕면	127.074	35.39
5277036000	전북특별자치도 순창군 쌍치면	126.993	35.507
5277037000	전북특별자치도 순창군 복흥면	126.948	35.445
5277038000	전북특별자치도 순창군 적성면	127.213	35.431
5277039000	전북특별자치도 순창군 유등면	127.185	35.374
5277040000	전북특별자치도 순창군 구림면	127.09	35.461
5279000000	전북특별자치도 고창군	126.59	35.438
5279025000	전북특별자치도 고창군 고창읍	126.712	35.43
5279031000	전북특별자치도 고창군 고수면	126.693	35.389
5279032000	전북특별자치도 고창군 아산면	126.616	35.464
5279033000	전북특별자치도 고창군 무장면	126.573	35.412
5279034000	전북특별자치도 고창군 공음면	126.531	35.384
5279035000	전북특별자치도 고창군 상하면	126.48	35.446
5279036000	전북특별자치도 고창군 해리면	126.501	35.481
5279037000	전북특별자치도 고창군 성송면	126.639	35.373
5279038000	전북특별자치도 고창군 대산면	126.571	35.343
5279039000	전북특별자치도 고창군 심원면	126.539	35.507
5279040000	전북특별자치도 고창군 흥덕면	126.698	35.536
5279041000	전북특별자치도 고창군 성내면	126.74	35.534
5279042000	전북특별자치도 고창군 신림면	126.726	35.478
5279043000	전북특별자치도 고창군 부안면	126.639	35.524
5280000000	전북특별자치도 부안군	126.652	35.685
5280025000	전북특별자치도 부안군 부안읍	126.75	35.709
5280031000	전북특별자치도 부안군 주산면	126.715	35.668
5280032000	전북특별자치도 부안군 동진면	126.741	35.756
5280033000	전북특별자치도 부안군 행안면	126.706	35.725
5280034000	전북특별자치도 부안군 계화면	126.671	35.77
5280035000	전북특별자치도 부안군 보안면	126.669	35.621
5280036000	전북특별자치도 부안군 변산면	126.527	35.64
5280037000	전북특별자치도 부안군 진서면	126.572	35.603
5280038000	전북특별자치도 부안군 백산면	126.803	35.707
5280039000	전북특별자치도 부안군 상서면	126.65	35.67
5280040000	전북특별자치도 부안군 하서면	126.629	35.714
5280041000	전북특별자치도 부안군 줄포면	126.691	35.596
5280042000	전북특별자치도 부안군 위도면	126.277	35.594
